round,O2,d_glucose,sodium_citrate,sodium_octanoate,sodium_acetate,sodium_benzoate,pH,sodium_chloride,potassium_chloride,mme_trace_minerals,urea,ammonium_chloride,experiment_number,delta_od
1,1,1.653307319,1.719923139,1.808209658,1.663844168,0.09595532,7,43.34538803,99.07606989,0.628478944,0.419263631,0.821930408,53,0.562
1,1,2.642977953,1.40735817,1.838291287,0.413159564,1.93350628,7,114.2169461,5.397083238,0.457833201,0.436490089,0.795844674,75,0.534
1,1,2.176596165,1.941659093,1.512582898,7.267680645,2.351804823,7,2.400396625,86.59431338,0.134206653,0.311958522,0.608095229,3,0.525
1,1,3.981551647,2.125725508,1.616616011,5.166110158,2.074682862,9,70.46546787,68.67121905,0.756258845,0.480754763,0.645510912,50,0.497
1,1,0.809771538,2.073081255,1.491985917,2.415028095,1.423056573,7,62.45167926,64.62269276,0.291264266,0.457858413,0.204811975,48,0.474
1,1,3.800416946,2.760516405,1.39670372,1.133043498,0.913937017,7,100.9699032,34.05215964,0.6221807,0.444812387,0.178603947,82,0.473
1,1,3.588275194,3.23183012,1.693001747,6.075245619,0.415355153,7,42.6424183,110.2948636,0.933479786,0.391857386,0.198260024,66,0.468
1,1,0.582948983,3.91939497,1.660462976,7.978335142,2.25244835,7,112.5393957,15.63932747,0.231200665,0.377835214,0.168325007,64,0.459
1,1,1.989474416,0.256422698,1.101562738,8.756803036,1.238305494,7,94.40767765,54.05999348,0.817814052,0.495531499,0.801084518,37,0.408
1,1,2.42245245,3.327321529,1.847869992,4.068453312,0.992922708,7,7.892152295,28.39268744,0.683886349,0.038653892,0.998429894,46,0.408
1,1,2.465888739,0.035043426,1.343237996,0.127835445,1.326184422,7,76.88874751,10.26768889,0.327711225,0.352836251,0.518889844,19,0.398
1,1,3.270622015,2.359024286,1.188182592,6.559696913,1.022677049,7,17.47442968,124.9558926,0.781874418,0.319311768,0.49085474,26,0.388
1,1,2.756112576,2.573666811,0.666376472,5.272581697,1.211027354,7,5.964136682,58.39176103,0.211932242,0.185693368,0.862771273,70,0.378
1,1,1.594796419,3.73131752,0.398649246,9.112225771,1.945285946,7,17.83119328,8.874362335,0.570953131,0.245841026,0.853289723,44,0.367
1,1,3.121923923,3.632828236,1.893713713,0.855776131,0.309099406,7,90.98056704,44.78402808,0.724965572,0.266381264,0.386008263,10,0.365
1,1,1.735816956,2.888658762,1.250833988,5.58101356,2.301734686,7,104.3003574,112.2029796,0.359683067,0.222207844,0.660749853,12,0.363
1,1,1.899163485,3.103868961,1.581305981,11.19119668,1.530020535,7,37.12232783,32.02397749,0.178398862,0.177450642,0.712390006,28,0.363
1,1,3.697313786,2.386986017,0.59112221,2.48177737,0.058913189,7,81.19805902,10.75042784,0.128010496,0.384234488,0.256210178,98,0.361
1,1,2.786223888,0.450165898,1.977176785,10.8514359,0.576455146,9,22.91542292,49.95078221,0.35287711,0.441401362,0.360311657,59,0.359
1,1,1.512286544,0.875066578,0.909631014,7.035266876,0.36451336,7,82.93667436,29.81269918,0.433077991,0.427142054,0.629850328,21,0.349
1,1,1.564727664,1.35477221,1.213654041,4.002132297,1.252125353,9,3.105244832,1.934482483,0.993147552,0.381246299,0.353802174,85,0.336
1,1,2.035880804,0.661501706,0.644590795,2.173847795,2.151611149,7,120.0976148,34.54262391,0.923440099,0.288352102,0.910094738,35,0.326
1,1,0.691989362,2.699550867,0.559316576,1.470606208,1.974125504,7,11.42274495,105.4107472,0.957309425,0.401187778,0.344735116,32,0.312
1,1,0.635055304,3.038143158,1.317394853,10.32026911,1.086513177,9,90.27564526,113.8188839,0.398237377,0.415836871,0.640374541,96,0.305
1,1,0.168909118,3.564879417,1.019075871,3.747288465,0.883058384,9,41.93614051,40.67256674,0.197711155,0.289384544,0.95312196,24,0.305
1,1,0.7263695,0.323974788,1.873302102,6.391734838,1.378315091,9,26.23827755,96.79239988,0.597735167,0.225617021,0.846244395,97,0.304
1,1,1.210721731,2.477158785,1.084293604,10.72642922,2.173920572,7,27.64034458,46.69058695,0.04485894,0.09576124,0.97349143,68,0.303
1,1,3.951470852,0.756993175,0.802328825,11.68098736,1.44011125,7,87.1745795,76.89285278,0.677936137,0.142159149,0.14703019,79,0.301
1,1,3.875600576,1.480900407,1.074386597,2.731351018,0.528084934,9,14.18716367,79.83725518,0.239957839,0.158767685,0.867383778,15,0.297
1,1,1.316337466,1.502752662,0.412500381,7.33588028,1.009671092,7,108.0474705,17.09920913,0.281469256,0.346550465,0.930974126,77,0.295
1,1,0.33335349,3.19231081,0.961910188,4.648507476,0.019027044,9,29.97011691,0.467912992,0.551258266,0.349961489,0.624294996,40,0.291
1,1,1.758629322,2.261224031,0.698901236,4.304806709,1.720448583,7,92.33290702,89.08817917,0.889011383,0.16944249,0.769667029,60,0.285
1,1,0.91929841,3.292935371,0.35854423,6.324901342,1.847859323,7,69.81165707,56.51655421,0.518272817,0.45013091,0.278218776,16,0.278
1,1,3.618352652,1.854446411,0.882193148,1.060349464,1.069850773,9,57.39650503,117.2957942,0.511467993,0.231063336,0.695844531,63,0.26
1,1,2.8208673,3.156460762,1.45691216,8.393238544,2.123053372,9,79.92614806,35.85493937,0.650908053,0.137846753,0.154076442,6,0.257
1,1,2.325659752,1.315187931,0.444903731,8.616399765,1.672867537,7,52.93294415,110.7810587,0.616595149,0.360817611,0.9668293,51,0.255
1,1,0.188904122,0.795535266,1.539830804,1.289103806,1.797376573,9,105.8283374,60.75843796,0.806319952,0.100148819,0.53398335,41,0.249
1,1,2.995775223,0.568857849,1.009713292,6.814723492,1.746967286,7,54.91487309,85.60709655,0.01774898,0.477327943,0.831141353,91,0.248
1,1,0.938331962,0.069550306,0.832427859,9.872941017,0.931147784,7,1.784233842,45.2198647,0.470127702,0.127159491,0.236171216,49,0.244
1,1,0.220846877,2.16525197,0.853725314,6.586696386,2.490542233,7,122.2613156,53.56677249,0.634733856,0.276694179,0.032483369,88,0.237
1,1,1.435558796,3.51487875,1.755654573,5.877964854,1.655350327,7,78.62501591,122.9251996,0.479558706,0.05096747,0.899649382,84,0.235
1,1,2.608909845,3.4187603,0.493918806,10.95891881,0.108503904,7,73.08062911,103.4116447,0.281227887,0.226659954,0.764271021,86,0.219
1,1,0.556114256,0.689189557,1.155340802,11.91894292,0.04666982,7,52.31684167,7.395349327,0.780643079,0.199456119,0.313899402,1,0.212
1,1,1.009262323,2.596583128,1.928719997,6.880861759,0.854219571,9,49.81039092,73.48833978,0.334578872,0.071507044,0.444556445,36,0.208
1,1,0.828805327,1.287211418,1.949748635,4.872857809,1.131341085,7,118.5163334,83.72914046,0.712517142,0.150397584,0.30911839,17,0.204
1,1,2.282223463,2.044981241,0.996906638,10.6699326,0.714599043,7,109.966293,100.4713029,0.379621536,0.062145848,0.550030649,14,0.191
1,1,3.477490187,0.345985204,0.596794665,5.011706114,1.624496728,7,46.64703831,19.12692003,0.980024874,0.015714236,0.459772021,7,0.187
1,1,1.098611951,1.763830662,1.38697648,9.31561017,1.768537313,9,114.9232984,90.64440429,0.661395729,0.257690936,0.041055467,29,0.186
1,1,3.231147528,2.97768712,0.761492491,7.835916281,0.499527082,7,36.76562384,84.14016664,0.467447013,0.258733928,0.068460859,42,0.183
1,1,2.212231398,2.664601564,1.054333806,9.725500345,0.182603877,7,67.23861396,77.38223672,0.869820654,0.111004002,0.878430247,62,0.179
1,1,1.403650641,1.383466601,0.569541216,10.9866221,2.32937634,9,64.38925862,114.3087447,0.089161597,0.322174072,0.40107137,45,0.178
1,1,3.663612604,1.21927309,0.09966632,4.52359271,2.230591923,7,21.03651501,27.90565789,0.860145867,0.194998771,0.229890019,95,0.175
1,1,2.673085928,3.537802219,0.52401197,7.492032051,1.27901122,9,99.21686351,13.10563926,0.098199442,0.190611184,0.294426739,54,0.173
1,1,0.305526882,0.414192498,0.47240907,2.594607532,2.222412676,9,86.0574469,23.36044796,0.444954664,0.039570935,0.893022716,25,0.168
1,1,3.048868418,2.097031355,0.229094997,9.806528091,1.823809445,9,10.65585017,49.46890101,0.16198054,0.284941018,0.599585176,74,0.161
1,1,0.616840959,1.041881442,0.975280702,2.868212879,1.57850787,5,96.01528198,24.3473351,0.340711594,0.24926731,0.671702385,65,0.16
1,1,3.520233154,2.506091833,0.433702201,3.137676001,1.405506134,9,121.4949414,108.9364216,0.492559314,0.408458173,0.786837757,2,0.159
1,1,0.779668748,0.950450242,0.176958933,7.711184263,2.097078115,9,45.5285199,73.00262153,0.150502935,0.165039167,0.705283642,81,0.131
1,1,1.070004463,3.134516716,0.201889232,3.831982613,2.364352196,7,98.39680046,82.26255327,0.770601988,0.119357824,0.54054898,100,0.129
1,1,0.665154636,1.906830192,0.00779994,3.524128318,0.393352099,7,75.30752569,121.4663908,0.038665172,0.207069188,0.136907622,33,0.125
1,1,0.365292162,1.8158952,1.650395989,11.44611883,0.693054125,7,15.48836939,8.39199964,0.879033446,0.026873065,0.121860206,89,0.124
1,1,1.848940015,1.101262569,0.235279262,0.733328193,0.803736746,7,23.57306331,74.86168295,0.122582361,0.472028017,0.743225634,5,0.12
1,1,2.357589722,3.692716599,1.130292058,1.539020598,2.307434082,9,38.42305765,118.7661663,0.944552958,0.012340501,0.466336638,78,0.114
1,1,1.959402084,2.625994444,0.291990459,2.146693468,0.564283207,9,111.0848561,62.22057715,0.739430785,0.131547138,0.304445803,92,0.109
1,1,2.071516037,3.946959496,0.171197265,5.72187674,0.607407019,7,58.92114714,51.56803504,0.064718045,0.103137068,0.577012599,30,0.103
1,1,1.041174531,0.474066556,0.740225852,0.272222891,0.161053762,7,33.6195901,66.09258801,0.225370571,0.301643223,0.942100883,93,0.102
1,1,3.380331993,3.014186859,0.08630342,2.934734344,0.666229129,7,102.9479578,3.934471868,0.023760298,0.342584163,0.058585253,58,0.095
1,1,1.344452858,3.380151749,1.223240376,0.538274646,0.316423811,5,124.8156652,24.83826876,0.14101088,0.030299405,0.432489663,52,0.093
1,1,3.412231445,1.88385725,1.276002645,7.951089621,0.031661419,9,117.2156781,12.61194609,0.414095938,0.034266245,0.555122852,71,0.088
1,1,0.031049598,0.160988539,1.446877003,5.138314962,0.487441123,7,65.5021295,88.59389275,0.565306306,0.075910419,0.001158546,73,0.081
1,1,0.386604279,3.826751709,0.056326687,0.994119912,1.32896781,7,48.81576076,98.59286994,0.827184141,0.325600892,0.090469562,72,0.079
1,1,2.715560913,0.822733164,0.035001181,9.545919657,0.943354964,9,34.3860127,26.34794451,0.897771358,0.388635963,0.187795863,11,0.07
1,1,3.016964674,0.97343123,1.414461136,3.290157437,2.478300035,7,26.87477507,56.92567304,0.271005213,0.091916166,0.100061357,55,0.064
1,1,3.367780209,1.00333786,1.746045113,10.47687864,1.355939507,7,85.25031805,101.9479632,0.20652993,0.007937185,0.026920846,39,0.036
1,1,1.149491787,3.753678799,0.796811163,1.857707262,1.210662872,5,73.78625125,47.55992815,0.607837319,0.079158537,0.01015698,4,0.032
1,1,1.485168695,2.223039389,0.12153627,8.909285545,0.125991507,9,7.081225514,96.29914165,0.914619803,0.007022936,0.116706014,20,0.019
1,1,1.238841176,0.608441591,0.270197093,5.428808212,1.499984562,5,12.82338053,38.21910545,0.404006422,0.281097084,0.475910842,61,0.006
1,1,3.872511625,3.470324993,0.733914137,10.2830143,2.431126535,5,47.51576111,60.19099429,0.061155442,0.488758832,0.836302102,18,0.004
1,1,1.262935042,0.228063717,1.718600512,4.45508945,1.894803494,5,56.03266135,14.6420002,0.847389638,0.32995528,0.085865714,13,0.004
1,1,0.414750189,1.19629252,1.370430589,6.102748632,2.022213936,5,31.8014659,105.5632681,0.749347687,0.047555976,0.592940688,57,0
1,1,3.727879047,0.511539638,1.780947685,7.685632467,0.635277107,5,64.73457813,3.84297315,0.300084859,0.238937706,0.755692184,31,0
1,1,1.792494416,0.637608767,1.884107113,9.600934267,2.413699776,5,78.00613344,81.86599612,0.560567319,0.45347029,0.273118049,69,0
2,0,4,3.6,2,8.4,2,7,12.5,12.5,0.9,0.4,0.8,40,0.888
2,0,4,3.6,2,8.4,2,7,25,12.5,0.9,0.4,0.8,99,0.828
2,0,4,3.6,1.8,10.8,2.25,7,25,0,0.9,0.45,0.9,92,0.822
2,0,3.6,3.6,2,9.6,2,7,12.5,12.5,1,0.5,1,88,0.79
2,1,4,3.6,2,12,2.25,7,0,0,0.9,0.5,0.9,39,0.79
2,0,3.6,4,2,9.6,2.25,7,0,25,1,0.5,0.9,100,0.784
2,0,3.6,3.6,2,10.8,2,7,12.5,12.5,0.9,0.5,0.9,77,0.782
2,0,4,3.6,1.8,10.8,2.25,7,25,0,0.9,0.5,0.9,33,0.746
2,1,4,4,2,9.6,2.25,7,12.5,0,0.9,0.5,1,60,0.737
2,1,4,3.6,2,10.8,2.5,9,12.5,0,0.9,0.5,1,47,0.734
2,1,4,3.6,1.8,12,2.5,7,12.5,12.5,0.7,0.45,1,41,0.725
2,1,4,4,2,9.6,2.25,7,0,0,0.9,0.5,1,10,0.722
2,0,3.2,3.2,2,9.6,1.25,7,75,0,1,0.5,0.9,82,0.713
2,0,4,3.6,2,12,2.25,7,0,0,0.9,0.5,0.9,98,0.708
2,0,3.2,3.6,1,10.8,2,7,12.5,37.5,0.7,0.4,1,12,0.671
2,1,3.2,2.8,1.8,8.4,1.75,7,50,50,0.9,0.35,0.8,18,0.665
2,1,3.2,2.8,1.8,8.4,1.5,7,50,50,0.9,0.35,0.8,79,0.663
2,1,3.2,4,2,12,2.5,9,0,0,1,0.5,1,52,0.656
2,1,4,3.6,2,10.8,2.5,9,37.5,0,0.9,0.5,0.9,44,0.645
2,1,3.6,4,2,12,2.5,9,0,0,1,0.5,1,35,0.64
2,1,4,4,1.8,12,2.25,7,12.5,12.5,1,0.5,0.9,64,0.628
2,1,4,4,2,12,2.5,9,0,25,0.8,0.45,1,70,0.618
2,1,4,2.8,1.8,12,2,9,25,25,0.9,0.4,1,43,0.614
2,1,4,2.8,1.6,12,2,9,25,25,0.9,0.4,1,62,0.609
2,0,3.2,3.6,1.2,7.2,1.75,7,12.5,25,0.9,0.5,0.7,42,0.609
2,0,3.2,3.6,1.8,10.8,2.25,7,25,25,0.9,0.4,0.6,15,0.6
2,1,1.6,2.8,1.8,10.8,2.25,9,25,0,0.6,0.4,1,74,0.599
2,0,3.2,3.6,1,7.2,1.75,7,12.5,25,0.9,0.5,0.7,56,0.592
2,0,2.8,3.6,0.8,12,1.75,7,12.5,50,0.8,0.35,1,7,0.59
2,0,2.8,3.2,2,10.8,2.25,9,12.5,0,1,0.35,0.9,30,0.59
2,0,2.4,2,1.6,8.4,2.25,7,12.5,50,0.9,0.4,1,59,0.585
2,1,4,3.6,2,10.8,2.5,9,37.5,12.5,0.9,0.5,0.9,63,0.585
2,1,4,4,2,12,2.5,9,0,12.5,0.8,0.45,1,5,0.574
2,0,2,1.2,1.2,6,1.5,7,50,112.5,0.8,0.4,0.8,36,0.568
2,1,4,4,1.8,12,2.5,9,12.5,12.5,1,0.5,1,72,0.567
2,1,1.6,3.2,1.8,10.8,2.25,9,25,0,0.6,0.4,1,11,0.563
2,1,3.6,4,2,12,2.5,9,0,0,1,0.5,1,32,0.56
2,0,3.6,3.6,2,10.8,2,7,12.5,12.5,1,0.5,0.9,16,0.553
2,0,3.6,3.6,2,10.8,2.5,9,0,0,0.9,0.5,0.9,4,0.553
2,1,4,4,1.8,12,2.25,7,0,12.5,1,0.5,0.9,3,0.551
2,1,4,3.6,2,10.8,2.5,9,12.5,0,0.8,0.5,1,90,0.546
2,0,4,4,1.8,12,2.5,9,0,0,1,0.5,1,61,0.544
2,1,4,4,2,12,2.5,9,12.5,12.5,1,0.5,1,8,0.542
2,0,4,4,2,12,2.5,9,0,0,1,0.5,1,87,0.537
2,0,3.6,4,2,9.6,2.25,7,0,12.5,1,0.5,0.9,48,0.534
2,1,3.6,4,2,12,2.25,9,0,0,1,0.5,0.9,83,0.531
2,1,4,4,2,12,2.5,9,0,0,1,0.5,1,65,0.522
2,1,3.6,4,2,12,2.5,9,0,0,0.9,0.5,1,94,0.52
2,0,2.4,2,1.6,8.4,2.25,9,12.5,50,0.9,0.4,1,46,0.514
2,0,2.8,3.2,2,10.8,2.25,9,12.5,12.5,1,0.35,0.9,89,0.509
2,1,4,4,2,12,2.5,9,0,0,1,0.5,1,66,0.501
2,1,4,4,2,12,2.25,9,0,0,1,0.5,0.9,25,0.501
2,0,3.6,3.6,2,10.8,2.5,9,0,0,0.8,0.5,0.9,69,0.498
2,1,4,4,2,12,2.5,7,0,25,0.9,0.5,1,1,0.496
2,0,3.2,3.6,1.8,10.8,2.25,7,25,25,0.9,0.4,0.5,76,0.472
2,0,4,3.6,2,12,2.5,9,0,12.5,1,0.5,1,57,0.468
2,0,3.2,3.2,2,9.6,1.25,9,75,0,1,0.5,0.9,23,0.468
2,1,4,4,1.8,12,2.5,9,0,0,1,0.5,1,17,0.467
2,0,4,3.6,2,12,2.5,9,0,0,1,0.4,1,96,0.432
2,1,4,3.6,2,12,2.5,9,0,0,1,0.4,1,37,0.427
2,0,1.6,1.2,1.2,6,1.5,7,50,112.5,0.8,0.4,0.8,95,0.36
2,1,4,2.8,1.4,8.4,2,5,25,12.5,0.7,0.5,1,24,0.195
2,0,3.2,2.8,1.8,10.8,1.75,5,62.5,50,0.6,0.35,0.9,28,0.141
2,0,3.2,3.2,1.8,10.8,2,5,25,37.5,0.8,0.4,0.6,53,0.129
2,0,2,3.2,1.4,10.8,2.5,5,12.5,37.5,0.9,0.35,0.7,38,0.119
2,0,1.6,1.6,0.6,6,0.25,5,125,125,0,0.4,0.7,58,0.003
2,0,3.2,3.2,1.8,9.6,2.25,5,12.5,12.5,0.8,0.5,1,20,0.002
2,0,2.4,3.6,1.6,9.6,1.75,5,0,0,0.9,0.35,1,22,0.0019999999999999
2,1,2.8,3.2,1.2,8.4,2.5,5,62.5,25,0.9,0.3,0.4,93,0.001
2,0,2.4,3.2,1.4,9.6,2.5,5,50,25,0.4,0.4,0.9,68,0.001
2,0,3.2,3.2,1.6,10.8,1.25,5,12.5,37.5,0.8,0.45,0.7,84,0.001
2,0,3.2,3.2,1.8,9.6,2.25,5,12.5,12.5,0.7,0.5,1,80,0.001
2,0,2.4,3.6,1.6,9.6,1.75,5,0,0,0.9,0.3,1,55,0.001
2,0,2.8,2,1.4,9.6,1.5,5,75,62.5,0.3,0.3,0.7,45,0
2,0,2.8,2,1.4,9.6,1.5,5,75,62.5,0.3,0.3,0.6,78,0
2,0,2,4,1.8,12,2.25,5,50,50,0.6,0.45,0.9,75,0
2,0,2,3.2,1.4,10.8,2.5,5,12.5,50,0.9,0.35,0.7,97,0
2,0,4,2.4,1.6,10.8,2.5,5,12.5,25,0.8,0.45,0.9,21,0
2,1,4,2.8,1.2,8.4,2,5,25,12.5,0.7,0.5,1,54,0
2,0,1.6,1.6,0.6,6,0.25,5,125,112.5,0,0.4,0.7,31,0
2,0,2.4,4,1.8,12,2.25,5,50,50,0.6,0.45,0.9,13,0
2,1,2.8,3.2,1.4,8.4,2.5,5,62.5,25,0.9,0.3,0.4,34,0
2,0,3.6,3.2,1.6,10.8,1.25,5,12.5,37.5,0.8,0.45,0.7,26,0
2,1,4,4,2,12,2.5,5,0,25,0.9,0.5,1,67,0
2,0,2.4,3.2,1.4,9.6,2.5,5,50,25,0.5,0.4,0.9,2,0
2,0,3.2,3.2,1.8,10.8,2,5,25,25,0.8,0.4,0.6,19,0
2,0,2.4,3.2,0.2,4.8,1.75,5,25,12.5,0.5,0.2,0.6,85,0
2,0,2.8,2.8,1.8,10.8,1.75,5,62.5,50,0.6,0.35,0.9,86,0
2,1,4,3.6,1.8,12,2.5,5,12.5,12.5,0.7,0.45,1,50,0
2,0,2.4,3.2,0.4,4.8,1.75,5,25,12.5,0.5,0.2,0.6,27,0
2,0,3.6,2.4,1.6,10.8,2.5,5,12.5,25,0.8,0.45,0.9,81,0
2,0,3.2,3.6,1,10.8,2,5,12.5,37.5,0.7,0.4,1,49,0
2,0,2.8,3.6,0.8,12,1.75,5,12.5,50,0.8,0.35,1,71,0
3,0,3.2,3.6,2,8.4,2.25,9,0,0,1,0.5,0.9,11,0.779
3,0,3.6,3.6,2,12,2,9,12.5,0,0.7,0.5,0.8,71,0.766
3,0,2,2.8,2,8.4,2.25,7,37.5,25,0.9,0.25,0.6,88,0.7
3,0,3.2,3.6,2,7.2,2.25,9,0,0,1,0.5,0.9,79,0.682
3,1,3.2,3.2,2,9.6,2.25,9,25,0,0.9,0.5,0.8,72,0.66
3,0,3.2,2.4,1.6,4.8,2,7,50,37.5,0.9,0.25,0.8,41,0.615
3,1,3.2,3.6,2,9.6,2.25,9,25,0,0.9,0.5,0.8,10,0.615
3,0,3.2,3.6,1.8,8.4,2,9,25,37.5,0.6,0.5,0.8,86,0.612
3,0,2.8,4,1.4,8.4,2,9,0,0,0.6,0.35,1,73,0.611
3,0,3.2,2.4,2,7.2,2.5,9,25,75,0.7,0.35,0.4,94,0.61
3,0,2,3.2,1.2,7.2,2.25,9,25,12.5,0.9,0.25,0.7,81,0.609
3,0,4,3.2,1.6,8.4,2.5,9,0,25,0.9,0.35,0.6,14,0.595
3,0,3.2,3.6,1.8,8.4,2.25,9,25,37.5,0.6,0.5,0.8,27,0.591
3,0,2,1.6,1.2,9.6,1.75,9,25,12.5,0.8,0.3,0.6,23,0.586
3,0,4,3.6,2,9.6,1.75,9,0,12.5,0.7,0.4,0.7,60,0.567
3,0,2,1.6,1.2,9.6,1.75,9,37.5,12.5,0.8,0.3,0.6,83,0.566
3,0,3.2,3.6,1.6,10.8,2,9,25,0,1,0.5,0.9,5,0.559
3,0,4,3.6,2,9.6,2,9,0,12.5,0.7,0.4,0.7,9,0.558
3,0,3.6,3.6,1.6,10.8,2.25,9,25,0,0.8,0.45,0.8,7,0.546
3,0,2.8,2.8,1.2,9.6,1.25,9,12.5,12.5,0.9,0.25,0.6,68,0.545
3,0,2.8,4,1.4,7.2,1.5,5,50,25,0.7,0.2,0.3,17,0.543
3,0,3.6,3.2,1.6,10.8,2,9,0,0,0.8,0.4,0.8,1,0.541
3,0,3.6,3.6,2,12,2.25,9,12.5,0,0.7,0.5,0.8,3,0.54
3,0,2.8,2,1.4,6,1.75,7,100,12.5,0.4,0.35,0.6,21,0.533
3,0,3.2,2.8,2,7.2,2.5,9,25,75,0.7,0.35,0.4,51,0.53
3,0,3.6,3.2,1.6,10.8,2,9,0,12.5,0.8,0.4,0.8,70,0.527
3,0,2.4,3.6,1.6,9.6,1.75,7,12.5,25,0.7,0.35,0.9,74,0.522
3,0,3.2,3.6,1.6,10.8,2,9,25,0,0.9,0.5,0.9,65,0.519
3,0,2,3.2,0.8,9.6,1.75,9,37.5,25,0.5,0.3,0.6,56,0.518
3,0,4,3.6,1.4,9.6,1.25,7,62.5,50,0.8,0.35,0.6,75,0.514
3,0,2.8,2,1.4,6,1.75,7,100,12.5,0.4,0.35,0.5,82,0.51
3,1,2.4,2.4,1.6,9.6,1.5,9,50,0,0.9,0.45,0.8,100,0.503
3,0,3.2,3.6,1.6,8.4,2,7,50,25,0.9,0.2,0.6,15,0.49
3,0,3.2,2,1.2,7.2,2.5,9,25,50,0.4,0.45,0.6,62,0.488
3,1,2.4,2.4,1.8,8.4,1.75,7,37.5,0,0.7,0.45,0.3,24,0.484
3,0,2.8,2.4,1.6,4.8,0.75,7,25,25,0.7,0.2,0.7,89,0.48
3,1,2.4,2.8,1.6,9.6,1.5,9,50,0,0.9,0.45,0.8,35,0.478
3,0,2.8,2.8,1.4,9.6,1.5,7,62.5,12.5,0.7,0.3,0.9,36,0.477
3,0,3.6,3.6,1.6,10.8,2.25,9,25,12.5,0.8,0.45,0.8,80,0.476
3,0,2.8,2.4,1,9.6,1.5,7,25,25,0.6,0.35,0.8,67,0.473
3,0,4,2.8,1.6,8.4,2.5,9,0,25,0.9,0.35,0.6,58,0.472
3,0,2.8,4,1.4,8.4,2,9,0,0,0.6,0.4,1,53,0.472
3,0,2.8,2.8,1.4,10.8,2,7,37.5,0,0.4,0.35,0.5,18,0.469
3,0,2.4,3.2,1.2,7.2,2.25,9,25,12.5,0.9,0.25,0.7,19,0.466
3,0,2.8,2.8,1.4,9.6,1.5,7,62.5,12.5,0.7,0.3,0.8,101,0.462
3,0,3.6,2.4,1,9.6,1.75,9,25,0,0.8,0.45,0.8,13,0.461
3,0,2.8,2.8,1,9.6,1.75,9,12.5,12.5,0.8,0.35,0.6,4,0.46
3,0,0.4,2.8,1.6,6,2,7,37.5,62.5,0.7,0.5,0.9,98,0.46
3,1,2.4,2.4,1.8,7.2,1.75,7,37.5,0,0.7,0.45,0.3,61,0.459
3,0,2.8,3.2,1.6,8.4,2,7,62.5,12.5,0.7,0.45,0.9,99,0.458
3,0,2.8,2.4,1,9.6,1.5,7,25,12.5,0.6,0.35,0.8,12,0.458
3,0,2.8,2.8,1,9.6,1.75,9,12.5,25,0.8,0.35,0.6,57,0.455
3,0,3.2,2,1.4,7.2,1.75,9,37.5,12.5,0.4,0.15,0.7,85,0.454
3,0,3.6,2.4,1,9.6,1.5,9,25,0,0.8,0.45,0.8,64,0.448
3,0,4,3.6,1.4,9.6,1.25,7,62.5,50,0.8,0.4,0.6,48,0.446
3,0,3.2,2.8,1.2,7.2,1.75,7,25,12.5,0.8,0.3,0.6,8,0.439
3,0,3.2,4,1,9.6,1.75,7,37.5,12.5,0.7,0.4,0.6,20,0.435
3,0,3.2,2.8,1.2,7.2,1.75,7,25,25,0.8,0.3,0.6,84,0.43
3,0,3.2,2,1.4,7.2,1.75,9,37.5,12.5,0.4,0.2,0.7,26,0.427
3,0,2.4,3.6,1.6,9.6,1.75,7,12.5,12.5,0.7,0.35,0.9,2,0.427
3,1,2.8,2.8,1.6,9.6,2.5,7,37.5,12.5,0.7,0.25,0.8,77,0.422
3,0,3.2,3.6,1.6,8.4,1.75,7,50,25,0.9,0.2,0.6,76,0.42
3,0,2,3.2,2,8.4,2.25,7,37.5,25,0.9,0.25,0.6,28,0.417
3,0,3.2,2,1.4,7.2,2.5,9,25,50,0.4,0.45,0.6,54,0.415
3,0,0.4,2.8,1.6,6,2,7,37.5,50,0.7,0.5,0.9,52,0.413
3,0,3.2,2.8,1.4,8.4,2.25,7,37.5,25,0.9,0.4,0.7,87,0.404
3,0,3.2,4,1,9.6,1.75,7,37.5,12.5,0.7,0.4,0.5,66,0.403
3,0,2.8,2.8,1.4,10.8,2,7,37.5,0,0.4,0.3,0.5,78,0.397
3,0,2.8,3.2,1.4,2.4,0.75,5,50,75,0.7,0.3,0.7,31,0.387
3,0,3.2,3.2,0.6,7.2,1,7,12.5,62.5,0.7,0.35,0.7,95,0.38
3,0,2.8,3.2,1.6,8.4,2.25,7,62.5,12.5,0.7,0.45,0.9,34,0.378
3,0,3.2,3.2,0.6,7.2,1,7,12.5,50,0.7,0.35,0.7,50,0.378
3,0,3.2,2.8,1.4,8.4,2.25,7,37.5,12.5,0.9,0.4,0.7,22,0.368
3,1,2.8,2.8,1.6,9.6,2.5,7,37.5,12.5,0.7,0.3,0.8,46,0.362
3,0,2.8,3.2,1.4,1.2,0.75,5,50,75,0.7,0.3,0.7,93,0.35
3,0,3.2,2,1.6,4.8,2,7,50,37.5,0.9,0.25,0.8,105,0.338
3,0,2.8,2.4,1.6,4.8,0.75,7,25,25,0.7,0.25,0.7,29,0.333
3,0,2.8,3.2,0.8,4.8,1,5,37.5,62.5,0.8,0.4,0.3,96,0.282
3,0,2,3.2,0.8,9.6,1.75,9,25,25,0.5,0.3,0.6,16,0.232
3,0,2.8,3.2,1.2,9.6,1.25,9,12.5,12.5,0.9,0.25,0.6,6,0.211
3,0,3.2,4,1.8,10.8,2.5,5,37.5,0,0.8,0.35,0.7,25,0.171
3,0,3.6,2,1.8,2.4,1.25,5,50,37.5,0.9,0.35,0.4,37,0.102
3,0,2.4,1.2,0.8,8.4,2,5,50,87.5,0.7,0.4,0.5,90,0.0839999999999999
3,0,2,3.6,1,6,1.25,5,125,50,0,0.25,0.5,30,0.0699999999999999
3,0,0.4,1.6,0.8,1.2,0.75,5,100,112.5,0,0.1,0.2,92,0.04
3,0,0.4,1.6,0.8,1.2,0.75,5,100,100,0,0.1,0.2,39,0.039
3,0,2.8,3.2,0.8,4.8,1,5,37.5,50,0.8,0.4,0.3,40,0.0259999999999999
3,0,3.6,2.8,1.6,8.4,1.5,5,37.5,50,0.6,0.2,0.6,103,0.01
3,1,2.4,2.4,0.8,7.2,1.5,5,0,50,0.3,0.35,0.5,32,0.009
3,0,3.6,2,1.8,2.4,1,5,50,37.5,0.9,0.35,0.4,102,0.008
3,0,2.8,2.4,1.6,9.6,2,5,0,62.5,0.5,0.25,0.6,49,0.005
3,0,3.2,4,1.8,9.6,2.5,5,37.5,0,0.8,0.35,0.7,69,0.0049999999999999
3,0,2.8,4,1.4,7.2,1.5,5,50,37.5,0.7,0.2,0.3,104,0.003
3,0,2.4,1.6,1.2,7.2,1.5,5,62.5,112.5,0.5,0.3,0.4,63,0.0029999999999999
3,0,2.4,1.2,1,8.4,2,5,50,87.5,0.7,0.4,0.5,47,0.0029999999999999
3,0,2.4,1.6,1.2,7.2,1.5,5,62.5,100,0.5,0.3,0.4,38,0.0019999999999999
3,1,2.4,2.4,0.8,7.2,1.5,5,0,50,0.3,0.3,0.5,91,0
3,0,2.8,2.4,1.6,8.4,2,5,0,62.5,0.5,0.25,0.6,97,0
3,0,3.6,2.8,1.6,8.4,1.5,5,37.5,37.5,0.6,0.2,0.6,33,0
3,0,2,3.6,1,4.8,1.25,5,125,50,0,0.25,0.5,55,0
