SampleID,Resp,d_glucose,sodium_citrate,sodium_octanoate,sodium_acetate,sodium_benzoate,d_xylose,l_arabinose,sodium_chloride,urea,ammonium_chloride,pH,fitness_pykA_PP_1362,fitness_pykF_PP_4301,fitness_ppc_PP_1505
set10IT006__Putida,0.5235443848222346,0.0,0,0,0.0,0,0,0,0,0,9.5,7.0,-0.116443508276788,-0.0582195679795567,0.0096288580866998
set10IT008__Putida,0.4268125959943666,0.0,0,0,0.0,0,0,0,0,0,9.5,7.0,-0.823274700776678,-0.0072357051454852,0.208178359604959
set10IT010__Putida,0.6116616998575565,0.0,0,0,0.0,0,0,0,0,0,9.5,7.0,0.490548857356224,-0.157502672834741,-0.0749342609587909
set10IT017__Putida,0.4056855266623168,10.0,0,0,0.0,0,0,0,0,0,9.5,7.0,-0.778181892128751,0.205300505259155,-0.15165134750409
set10IT018__Putida,0.3891472958640533,10.0,0,0,0.0,0,0,0,0,0,9.5,7.0,-0.781633308342698,-0.116364787935165,0.0922953134571922
set10IT019__Putida,0.3737639685279929,10.0,0,0,0.0,0,0,0,0,0,9.5,7.0,-0.874968656137196,0.104498790924636,-0.111863405580085
set10IT020__Putida,0.5352371166549621,10.0,0,0,0.0,0,0,0,0,0,9.5,7.0,-0.34848099148762,0.296792590969605,-0.0581862867632081
set10IT021__Putida,0.6169951962706526,10.0,0,0,0.0,0,0,0,0,0,9.5,7.0,-0.0251872339272299,0.477170380125097,-0.167415457655163
set10IT022__Putida,0.5251396840365415,10.0,0,0,0.0,0,0,0,0,0,9.5,7.0,-0.0328797171090238,-0.0826538366842944,-0.0419834952742257
set10IT023__Putida,0.4040214091561748,10.0,0,0,0.0,0,0,0,0,0,9.5,7.0,-0.646629711350798,0.0089037965940037,-0.094923602730151
set10IT024__Putida,0.4352232585498352,10.0,0,0,0.0,0,0,0,0,0,9.5,7.0,-0.939413564401177,0.277278400101168,0.0801090331479255
set10IT025__Putida,0.4811198322650706,10.0,0,0,0.0,0,0,0,0,0,9.5,7.0,-0.24208301274204,0.0370287206537212,-0.159537741276297
set10IT026__Putida,0.4156229110879531,10.0,0,0,0.0,0,0,0,0,0,9.5,7.0,-0.508169560188378,-0.120613917320376,-0.0474918941183657
set10IT027__Putida,0.4164069065893378,10.0,0,0,0.0,0,0,0,0,0,9.5,7.0,-0.708221804637729,0.159922164602063,-0.124183243176504
set10IT028__Putida,0.5321227442356243,10.0,0,0,0.0,0,0,0,0,0,9.5,7.0,-0.0979393216519897,0.107944938784117,-0.134587445120693
set10IT029__Putida,0.4143967862110697,10.0,0,0,0.0,0,0,0,0,0,9.5,7.0,-1.12162036348222,0.363612156057548,0.0757974460560396
set10IT031__Putida,0.3958472837602374,10.0,0,0,0.0,0,0,0,0,0,9.5,7.0,-0.791517160212877,0.0024946512714991,0.0163428775021759
set10IT032__Putida,0.4619582245332265,10.0,0,0,0.0,0,0,0,0,0,9.5,7.0,-0.301894742841071,-0.0009882076501392,-0.1520899814193
set10IT033__Putida,0.5484478948701347,10.0,0,0,0.0,0,0,0,0,0,9.5,7.0,0.161997512145692,-0.0668551114345157,-0.142472758136317
set10IT034__Putida,0.6052212795461144,10.0,0,0,0.0,0,0,0,0,0,9.5,7.0,0.0485982038207791,0.186821075728181,-0.0090781093055358
set10IT035__Putida,0.5327161195456364,10.0,0,0,0.0,0,0,0,0,0,9.5,7.0,0.307129037534691,-0.370931004830917,-0.0579786845654497
set10IT036__Putida,0.3759474857786371,10.0,0,0,0.0,0,0,0,0,0,9.5,7.0,-0.960464304165795,0.175518644749319,-0.0864371000702049
set10IT037__Putida,0.4541004033253566,10.0,0,0,0.0,0,0,0,0,0,9.5,7.0,-0.418464054927788,0.0416998587745792,-0.115410503272402
set10IT043__Putida,0.5818207818652311,0.0,0,0,0.0,0,0,0,0,0,9.5,7.0,-0.0412965324850632,0.114999769440365,0.0386218197988495
set10IT044__Putida,0.5241157652804074,0.0,0,0,0.0,0,0,0,0,0,9.5,7.0,-0.0778414486390648,-0.18032282814342,0.09582217780682
set10IT053__Putida,0.5924106580523203,0.0,0,0,0.0,0,0,0,0,0,9.5,7.0,0.326766652337549,0.173980163123896,-0.337079034142824
set12IT001__Putida,0.5795928422914497,0.0,0,0,0.0,0,0,0,0,0,9.5,7.0,-0.0630869232250872,0.158542631794514,0.0061158258397346
set12IT002__Putida,0.7083242165139918,0.0,0,0,0.0,0,0,0,0,0,9.5,7.0,0.398381913567484,0.249513255286707,0.119038416078932
set12IT004__Putida,0.7491481916340857,0.0,0,0,0.0,0,0,0,0,0,9.5,7.0,0.505314985464097,0.455998364143612,0.048674976765585
set12IT007__Putida,0.7087001700933819,0.0,0,0,0.0,0,0,0,0,0,9.5,7.0,0.531490904589009,0.190458691068945,0.0471233685940948
set12IT008__Putida,0.3781177903008751,0.0,0,0,0.0,0,0,0,0,0,9.5,7.0,-0.480164947896906,-0.352896384813386,-0.0274622077714541
set12IT009__Putida,0.4720691745031291,0.0,0,0,0.0,0,0,0,0,0,9.5,7.0,-0.523531245689828,0.0674406746289007,0.0488576665718341
set12IT012__Putida,0.7258495994004842,0.0,0,0,0.0,0,0,0,0,0,9.5,7.0,0.197959841904581,0.519982362359531,0.150538981900997
set12IT014__Putida,0.7536757543360406,0.0,0,0,0.0,0,0,0,0,0,9.5,7.0,0.943332875856848,0.276676546388442,-0.181534749685905
set12IT015__Putida,0.4318443808055093,0.0,0,0,0.0,0,0,0,0,0,9.5,7.0,-0.228006874845077,-0.369926797449029,-0.0002620321066491
set12IT016__Putida,0.4797303805952235,0.0,0,0,0.0,0,0,0,0,0,9.5,7.0,0.161025361704741,-0.425065158455608,-0.107093944075412
set12IT017__Putida,0.6566834467725337,0.0,0,0,0.0,0,0,0,0,0,9.5,7.0,0.677028150141112,-0.268472073312118,0.0778395239902792
set12IT023__Putida,0.608617079828293,0.0,0,0,0.0,0,0,0,0,0,9.5,7.0,0.0294014977239998,0.300837730238073,-0.0871697213110094
set12IT024__Putida,0.5425543846957841,0.0,0,0,0.0,0,0,0,0,0,9.5,7.0,0.232569537394292,-0.221310649254006,-0.0865257498209919
set12IT025__Putida,0.6525887587722276,0.0,0,0,0.0,10,0,0,0,0,9.5,7.0,0.205675725567015,0.220739611221657,0.0386954926024292
set12IT026__Putida,0.4419427254233938,0.0,0,0,0.0,0,0,0,0,0,9.5,7.0,-0.0422066868711619,-0.462219890671537,-0.0455275749778146
set12IT027__Putida,0.2463924862179376,10.0,0,0,0.0,0,0,0,0,0,9.5,7.0,-1.53649004068748,0.103396540947088,-0.156541200892152
set12IT028__Putida,0.4639306064939168,0.0,0,0,0.0,0,0,0,0,0,9.5,7.0,-0.398804040041422,-0.200836396904709,0.153990699843232
set12IT029__Putida,0.4658413131029197,0.0,0,0,0.0,0,0,0,0,0,9.5,7.0,-0.0343854033852082,-0.4897600949696,0.0875223366896924
set12IT031__Putida,0.5881221877129273,0.0,0,0,0.0,0,0,0,0,0,9.5,7.0,-0.0125721342164873,0.0415173192552913,0.11388358336221
set12IT032__Putida,0.5689248462814922,0.0,0,0,0.0,0,0,0,0,0,9.5,7.0,0.358038476761408,-0.366568879210565,0.0588194438254837
set12IT034__Putida,0.6395895929178033,0.0,0,0,0.0,0,0,0,0,0,9.5,7.0,0.397408999362815,0.0947932492647454,-0.0939084472543463
set12IT037__Putida,0.5943598508805369,0.0,0,0,0.0,0,0,0,0,0,9.5,7.0,0.187605870386912,0.132371453126862,-0.146815376040573
set12IT038__Putida,0.5954253296843763,0.0,0,0,0.0,0,0,0,0,0,9.5,7.0,0.339787598288198,-0.301385816866502,0.139956026865468
set12IT039__Putida,0.6173231736371031,0.0,0,0,0.0,0,0,0,0,0,9.5,7.0,0.490719888957255,-0.26314525302433,0.0586244122374944
set12IT042__Putida,0.606129327815886,0.0,0,0,0.0,0,0,0,0,0,9.5,7.0,0.132258764819047,0.0988823132323615,-0.0003316678808791
set12IT044__Putida,0.4810399143937081,0.0,0,0,0.0,0,0,0,0,0,9.5,7.0,-0.687478951945359,0.369496995828326,-0.0469863020736256
set12IT046__Putida,0.6629002835720507,0.0,0,0,0.0,0,0,0,0,0,9.5,7.0,0.329196485737797,0.245058763931047,-0.0553098635767775
set12IT053__Putida,0.5215263674203157,0.0,0,0,0.0,0,0,0,0,0,9.5,7.0,-0.155025413696563,0.0478342055920979,-0.0673488358310217
set12IT054__Putida,0.577723825266031,0.0,0,0,0.0,0,0,0,0,0,9.5,7.0,0.23083165039767,-0.194910805685916,0.0566416509906964
set12IT055__Putida,0.5316496051102225,0.0,0,0,0.0,10,0,0,0,0,9.5,7.0,-0.034444486177855,-0.0475055115245531,-0.044865093801028
set12IT056__Putida,0.515954413452205,0.0,0,0,0.0,0,0,0,0,0,9.5,7.0,-0.229955874989949,-0.133552267218489,0.162737764806232
set12IT057__Putida,0.0977417929031183,10.0,0,0,0.0,0,0,0,0,0,9.5,7.0,-2.57347318247267,-0.290651964601898,-0.0236937802645323
set12IT058__Putida,0.4694962603500513,0.0,0,0,0.0,0,0,0,0,0,9.5,7.0,-0.523461312239216,0.0586773082804672,0.0454146127330688
set12IT059__Putida,0.7133874322147286,0.0,0,0,0.0,0,0,0,0,0,9.5,7.0,0.41635420509323,0.390364884585805,-0.0108347347287134
set15IT054__Putida,0.4888505047739843,0.0,0,0,0.0,0,0,0,0,0,9.5,7.0,-0.356255678542938,-0.0623823591281296,0.0904206706091697
set15IT055__Putida,0.467789683759879,0.0,0,0,0.0,0,0,0,0,0,9.5,7.0,-0.0929904363674183,-0.396566108715312,0.062133018557873
set15IT056__Putida,0.4128377038995219,0.0,0,0,0.0,0,0,0,0,0,9.5,7.0,0.0241662040362116,-0.424483573723724,-0.28944798115478
set15IT057__Putida,0.5080516381673293,0.0,0,0,0.0,0,0,0,0,0,9.5,7.0,0.0249718541777435,-0.154119023182436,-0.108795581570624
set15IT058__Putida,0.3953696834669766,0.0,0,0,0.0,0,0,0,0,0,9.5,7.0,-0.357705677348697,-0.36265511591514,-0.0546663182484801
set15IT059__Putida,0.4568828960456773,0.0,0,0,0.0,0,0,0,0,0,9.5,7.0,-0.330841807927704,-0.0670993530248298,-0.081048801102676
set15IT060__Putida,0.6006379439814934,0.0,0,0,0.0,0,0,0,0,0,9.5,7.0,-0.171080392070475,0.0961682107715953,0.278753869367262
set15IT061__Putida,0.4472674592333159,0.0,0,0,0.0,0,0,0,0,0,9.5,7.0,-0.430297235386921,-0.091700468807381,-0.0026140809454826
set15IT062__Putida,0.6088048000757015,0.0,0,0,0.0,0,0,0,0,0,9.5,7.0,-0.107481628776746,0.278435054026352,0.0730423214525875
set15IT063__Putida,0.4063221606608627,0.0,0,0,0.0,0,0,0,0,0,9.5,7.0,-0.546974546829781,-0.18399153779845,0.0095357471876278
set15IT064__Putida,0.5126427264771062,0.0,0,0,0.0,0,0,0,0,0,9.5,7.0,-0.0248337894520594,-0.083961379078342,-0.107555925176729
set15IT065__Putida,0.7479519903815408,0.0,0,0,0.0,0,0,0,0,0,9.5,7.0,1.05537990823332,-0.086965283287415,0.0341048506331219
set15IT066__Putida,0.4518471290139479,0.0,0,0,0.0,0,0,0,0,0,9.5,7.0,-0.337635191311217,-0.104234373760925,-0.0609921113156433
set15IT067__Putida,0.3486227462496488,0.0,0,0,0.0,0,0,0,0,0,9.5,7.0,-0.515954129446571,-0.42358708623946,-0.0708866428518373
set15IT068__Putida,0.3851408660663553,0.0,0,0,0.0,0,0,0,0,0,9.5,7.0,-0.239735679452412,-0.653060911654568,0.0672488245421847
set15IT069__Putida,0.2847474391456631,0.0,0,0,0.0,0,0,0,0,0,9.5,7.0,-1.08512293310724,-0.144625699532784,-0.128469040832996
set15IT070__Putida,0.6073174199680635,0.0,0,0,0.0,0,0,0,0,0,9.5,7.0,0.162501126135582,0.150550476251396,-0.0763904826217521
set15IT071__Putida,0.2482152225025846,0.0,0,0,0.0,0,0,0,0,0,9.5,7.0,-1.24647140150864,-0.199425852140312,-0.132229548058391
set15IT072__Putida,0.4623440366148935,0.0,0,0,0.0,0,0,0,0,0,9.5,7.0,-0.28411420399078,-0.0441036831380059,-0.124930927279323
set15IT073__Putida,0.5039156579726357,0.0,0,0,0.0,0,0,0,0,0,9.5,7.0,-0.053051393992805,-0.0157642090898384,-0.188572882675551
set15IT074__Putida,0.353253588037213,0.0,0,0,0.0,0,0,0,0,0,9.5,7.0,-0.262494158246924,-0.816545287285344,0.0925045081390021
set15IT075__Putida,0.4641683523899794,0.0,0,0,0.0,0,0,0,0,0,9.5,7.0,-0.0497568049667489,-0.408887981196452,0.0141184771928047
set15IT076__Putida,0.4391664555285858,0.0,0,0,0.0,0,0,0,0,0,9.5,7.0,-0.230947111818976,-0.0884772090208805,-0.243767962840841
set15IT077__Putida,0.4414029202249943,0.0,0,0,0.0,0,0,0,0,0,9.5,7.0,-0.0159125985167734,-0.333150582682117,-0.203463551430465
set15IT078__Putida,0.5218975158646627,0.0,0,0,0.0,0,0,0,0,0,9.5,7.0,-0.0984839713846375,0.0137347962811312,-0.0880428399900832
set15IT079__Putida,0.3408093049311118,0.0,0,0,0.0,0,0,0,0,0,9.5,7.0,-0.406772059270847,-0.341141486472772,-0.303166745279793
set15IT080__Putida,0.3836309730184247,0.0,0,0,0.0,0,0,0,0,0,9.5,7.0,-0.920407101393979,0.158757126830175,-0.0713965932397667
set15IT081__Putida,0.4056962363081917,0.0,0,0,0.0,0,0,0,0,0,9.5,7.0,-0.321072698504213,-0.350515179526377,-0.0528926541540231
set16IT004__Putida,0.4540513234429416,0.0,0,0,0.0,0,0,0,0,0,9.5,7.0,-0.398220828190389,0.0676717937124396,-0.161858347621253
set16IT005__Putida,0.4053280300270939,0.0,0,0,0.0,0,0,0,0,0,9.5,7.0,-0.498049725023225,-0.142895139813997,-0.0853306721394778
set16IT006__Putida,0.5032205515205938,0.0,0,0,0.0,0,0,0,0,0,9.5,7.0,0.0038495568727658,-0.0125527783484414,-0.251953058823323
set16IT007__Putida,0.5455155900163355,0.0,0,0,0.0,0,0,0,0,0,9.5,7.0,0.143290634970647,0.086741727240319,-0.29127002942727
set16IT008__Putida,0.4476803069730919,0.0,0,0,0.0,0,0,0,0,0,9.5,7.0,-0.175791441134183,-0.0559736343502488,-0.290884295453338
set16IT009__Putida,0.3104468566908415,0.0,0,0,0.0,0,0,0,0,0,9.5,7.0,-0.461215793645398,-0.260821080099976,-0.491625621583704
set16IT010__Putida,0.103855069186637,0.0,0,0,0.0,0,0,0,0,0,9.5,7.0,-1.78590561500095,-0.80589270055894,-0.21673317828394
set16IT011__Putida,0.0361821742407423,0.0,0,0,0.0,0,0,0,0,0,9.5,7.0,-3.59086638350778,0.145362310501608,-0.687776901977726
set16IT012__Putida,0.4410747304003703,0.0,0,0,0.0,0,0,0,0,0,9.5,7.0,-0.206226374093328,-0.209389928139551,-0.138474825441787
set16IT013__Putida,0.5379612769756206,0.0,0,0,0.0,0,0,0,0,0,9.5,7.0,-0.0799223374671156,-0.0141685000062455,-0.0029088209708385
set16IT014__Putida,0.5349441563961513,0.0,0,0,0.0,0,0,0,0,0,9.5,7.0,-0.123285087616792,0.098893172841668,-0.0868667668763754
set16IT015__Putida,0.5481951410796416,0.0,0,0,0.0,0,0,0,0,0,9.5,7.0,0.169196749715292,-0.0698863258958922,-0.147840154170523
set16IT016__Putida,0.587304779109485,0.0,0,0,0.0,0,0,0,0,0,9.5,7.0,0.182884498930318,-0.053605014488517,0.0095847168351754
set16IT017__Putida,0.5853905191109376,0.0,0,0,0.0,0,0,0,0,0,9.5,7.0,-0.0387079000351931,0.0681652885400243,0.100131424514153
set16IT018__Putida,0.4907389614200191,0.0,0,0,0.0,0,0,0,0,0,9.5,7.0,0.398152957921536,-0.598640685194723,-0.118848479000317
set16IT019__Putida,0.3888927439758585,0.0,0,0,0.0,0,0,0,0,0,9.5,7.0,-0.347852181673276,-0.168956952501341,-0.290152280293889
set16IT020__Putida,0.3662911362697685,0.0,0,0,0.0,0,0,0,0,0,9.5,7.0,-0.71021482002202,-0.217536964872201,0.0077427522109767
set16IT021__Putida,0.3887139349292597,0.0,0,0,0.0,0,0,0,0,0,9.5,7.0,-0.53818760713784,-0.064808795229613,-0.204849312414606
set16IT022__Putida,0.5356517932486726,0.0,0,0,0.0,0,0,0,0,0,9.5,7.0,-0.0485616279060417,-0.0327376079964501,-0.0266162516183819
set16IT023__Putida,0.4442454217304946,0.0,0,0,0.0,0,0,0,0,0,9.5,7.0,-0.132896201019383,-0.337174720701937,-0.0689164049559174
set1IT078__Putida,0.1643536043019668,40.0,0,0,0.0,0,0,0,0,0,4.67377079828005,7.0,-2.09084814446498,0.174457978137899,-0.270540448716388
set1IT079__Putida,0.1604040840066913,40.0,0,0,0.0,0,0,0,0,0,4.67377079828005,7.0,-2.19882703314028,0.018871528642143,-0.0411027757043458
set1IT080__Putida,0.1127173175168458,20.0,0,0,0.0,0,0,0,0,0,4.67377079828005,7.0,-2.10357440016607,-0.415085123227741,-0.181956603971241
set1IT081__Putida,0.1869964647848573,20.0,0,0,0.0,0,0,0,0,0,4.67377079828005,7.0,-1.69641252088125,-0.248029978827467,-0.0585187983440685
set1IT082__Putida,0.6985451256119276,0.0,0,0,0.0,0,0,0,0,0,4.67377079828005,7.0,0.606351833616892,-0.0509958014619303,0.156483421462625
set1IT083__Putida,0.7545325881686518,0.0,0,0,0.0,0,0,0,0,0,4.67377079828005,7.0,0.639785800053523,0.116868052750032,0.287251268131082
set1IT084__Putida,0.692253661943728,0.0,0,0,0.0,0,0,0,0,0,4.67377079828005,7.0,0.680671285267349,0.0956549270311445,-0.0993943197437143
set1IT085__Putida,0.5806071605722369,0.0,0,0,0.0,0,0,0,0,0,4.67377079828005,7.0,0.741821649431174,-0.48434769915436,-0.15100860786611
set1IT086__Putida,0.6116993928999763,0.0,0,0,0.0,0,0,0,0,0,4.67377079828005,7.0,0.51859907868399,-0.237738575981035,-0.0225620835266311
set1IT087__Putida,0.6122634294216592,0.0,0,0,0.0,0,0,0,0,0,4.67377079828005,7.0,0.410117057605507,-0.119268417278799,-0.0297587202867907
set27IT004__Putida,0.2369809248961746,10.0,0,0,0.0,0,0,0,0,0,10.0,7.0,-1.91442041780337,0.321716396132137,-0.0572872363808901
set27IT005__Putida,0.2218310985259328,10.0,0,0,0.0,0,0,0,0,0,10.0,7.0,-1.94320232096438,0.254653668929446,-0.0621875797722871
set27IT006__Putida,0.5589948401567261,10.0,0,0,0.0,0,0,0,0,0,0.0,7.0,-0.119875356490903,0.138743349109339,-0.0160371850125118
set27IT007__Putida,0.6377759625242106,10.0,0,0,0.0,0,0,0,0,0,0.0,7.0,0.257473658992525,0.098075379969913,0.0335084875284313
set27IT008__Putida,0.2027488865061623,10.0,0,0,0.0,0,0,0,0,10,0.0,7.0,-1.96027941886614,0.118168249838861,-0.0428054809965217
set27IT009__Putida,0.1657871029639728,10.0,0,0,0.0,0,0,0,0,10,0.0,7.0,-2.12064009747916,0.0159639223863997,-0.0700307628447849
set27IT010__Putida,0.0574189025154621,10.0,0,0,0.0,0,0,0,0,0,0.0,7.0,-3.63019045420969,0.115481951280162,-0.0496606511657498
set27IT011__Putida,0.0383110145790265,10.0,0,0,0.0,0,0,0,0,0,0.0,7.0,-3.95061198355597,0.0748403492120455,-0.187722012240553
set27IT012__Putida,0.486386663283285,10.0,0,0,0.0,0,0,0,0,0,0.0,7.0,-0.607331270561448,0.304103501128185,-0.0365790061561493
set27IT013__Putida,0.5604030968796266,10.0,0,0,0.0,0,0,0,0,0,0.0,7.0,-0.30597767910258,0.419914197240127,-0.104389888535351
set27IT014__Putida,0.4129869090047102,10.0,0,0,0.0,0,0,0,0,0,0.0,7.0,-0.641318215304678,0.0215883096257976,-0.0693121024216745
set27IT015__Putida,0.415282350151431,10.0,0,0,0.0,0,0,0,0,0,0.0,7.0,-0.565483019888525,-0.0649058079431293,-0.0475346108274646
set27IT016__Putida,0.2123331007190313,10.0,0,0,0.0,0,0,0,0,0,0.0,7.0,-2.07071632417649,0.3101394967293,-0.0558447491313465
set27IT017__Putida,0.0882194430142835,10.0,0,0,0.0,0,0,0,0,0,0.0,7.0,-2.80652398783786,-0.101744573637129,-0.112351397694393
set27IT018__Putida,0.3056273837439185,10.0,0,0,0.0,0,0,0,0,0,0.0,7.0,-1.08293076217873,-0.0588650940913262,-0.0984397016636902
set27IT019__Putida,0.4677881245138183,10.0,0,0,0.0,0,0,0,0,0,0.0,7.0,-0.754675179272543,0.409201644034883,-0.0819573516980876
set27IT020__Putida,0.5619034765276355,10.0,0,0,0.0,0,0,0,0,0,0.0,7.0,-0.267352541739024,0.220633162215246,0.0634262626400142
set27IT021__Putida,0.6225923687307144,10.0,0,0,0.0,0,0,0,0,0,0.0,7.0,0.110028422121673,0.125713065459808,0.0767406774214896
set27IT024__Putida,0.6214806184985222,10.0,0,0,0.0,0,0,0,0,0,0.0,7.0,0.586579658804593,-0.188580794784423,-0.0910739879628606
set27IT025__Putida,0.6229788228326008,10.0,0,0,0.0,0,0,0,0,0,0.0,7.0,0.601264026671791,-0.121527886373402,-0.16532070593809
set27IT028__Putida,0.0170752227359859,10.0,0,0,0.0,0,0,0,0,0,0.0,7.0,-4.74132088380007,0.375195510743987,-0.672747336064891
set27IT029__Putida,0.0262084944616139,10.0,0,0,0.0,0,0,0,0,0,0.0,7.0,-4.18794336026775,0.423655998609338,-0.760082745815791
set27IT030__Putida,0.4296427102586607,10.0,0,0,0.0,0,0,0,0,0,0.0,7.0,-0.777183421118012,0.297392430870984,-0.128957025746384
set27IT031__Putida,0.6119764889510997,10.0,0,0,0.0,0,0,0,0,0,0.0,7.0,-0.0688636401038163,0.3121740576605,0.0163592057346775
set27IT032__Putida,0.4579197149322733,10.0,0,0,0.0,0,0,0,0,0,0.0,7.0,-0.642897192317225,0.211380064725133,-0.0425632112757728
set27IT033__Putida,0.3556090144068508,10.0,0,0,0.0,0,0,0,0,0,0.0,7.0,-0.816305211070703,-0.0230194460994864,-0.135112172532022
set27IT034__Putida,0.4434583172638542,10.0,0,0,0.0,0,0,0,0,0,0.0,7.0,-0.615343787466593,0.122122324384938,-0.0495132215697762
set27IT035__Putida,0.4835315182548134,10.0,0,0,0.0,0,0,0,0,0,0.0,7.0,-0.496841866984298,0.133050973935204,0.0105501660637988
set27IT036__Putida,0.2277052777260993,10.0,0,0,0.0,0,0,0,0,0,0.0,7.0,-2.07500533870773,0.304526433915074,0.0593633266903251
set27IT037__Putida,0.2798013203018974,10.0,0,0,0.0,0,0,0,0,0,0.0,7.0,-1.31669910115315,-0.128301888242369,0.0580910834030888
set27IT038__Putida,0.3465635094695618,10.0,0,0,0.0,0,0,0,0,0,0.0,7.0,-1.06743559494648,-0.0441814104861675,0.0905173198860603
set27IT039__Putida,0.3266287409049954,10.0,0,0,0.0,0,0,0,0,0,0.0,7.0,-1.28695827396775,0.16140320697107,-0.0004845016172492
set27IT040__Putida,0.2846875040501901,10.0,0,0,0.0,0,0,0,0,0,0.0,7.0,-1.56653847061826,0.233935656733015,-0.025960727850161
set27IT041__Putida,0.3575113210384656,10.0,0,0,0.0,0,0,0,0,0,0.0,7.0,-1.23379602487761,0.400037691906276,-0.13093394704431
set27IT042__Putida,0.3395730160863471,10.0,0,0,0.0,0,0,0,0,0,0.0,7.0,-1.21715333237465,0.225631672053066,-0.0660315530871922
set27IT043__Putida,0.359517084939059,10.0,0,0,0.0,0,0,0,0,0,0.0,7.0,-1.14082780373707,0.258108956458675,-0.0717237954185508
set27IT044__Putida,0.465944573833119,10.0,0,0,0.0,0,0,0,0,0,0.0,7.0,-0.976587050772569,0.548636642744617,-0.0081850657268161
set27IT045__Putida,0.4251197397416968,10.0,0,0,0.0,0,0,0,0,0,0.0,7.0,-1.02829416512658,0.383039757246476,0.0147860196131573
set27IT046__Putida,0.3901287924601809,10.0,0,0,0.0,0,0,0,0,0,0.0,7.0,-0.858892745097033,0.0422092505601079,0.0158309313848275
set27IT047__Putida,0.3902571332617155,10.0,0,0,0.0,0,0,0,0,0,0.0,7.0,-0.6264234770987,-0.0699692511802863,-0.103825944537368
set27IT048__Putida,0.6039965650263127,10.0,0,0,0.0,0,0,0,0,0,0.0,7.0,-0.0539575187174341,0.249948460519551,0.0243294178724185
set27IT049__Putida,0.556850211765386,10.0,0,0,0.0,0,0,0,0,0,0.0,7.0,-0.48979872184749,0.440670972080393,0.041739714415834
set27IT050__Putida,0.2874581002285621,10.0,0,0,0.0,0,0,0,0,0,0.0,7.0,-1.37491710264071,0.131769164748824,-0.0994727318978159
set27IT051__Putida,0.3544274219551136,10.0,0,0,0.0,0,0,0,0,0,0.0,7.0,-0.992429735382734,0.135276161098528,-0.123347701884097
set27IT052__Putida,0.3079249699033239,10.0,0,0,0.0,0,0,0,0,0,0.0,7.0,-1.43644119108978,0.201425934109055,0.0074766508310721
set27IT053__Putida,0.3169704888370209,10.0,0,0,0.0,0,0,0,0,0,0.0,7.0,-1.39643341235524,0.326898653121875,-0.108516467907934
set27IT054__Putida,0.5181359424354237,10.0,0,0,0.0,0,0,0,0,0,0.0,7.0,-0.41309595315981,0.103707443628674,0.118885235299892
set27IT055__Putida,0.4383475562563934,10.0,0,0,0.0,0,0,0,0,0,0.0,7.0,-0.630412425714493,0.144474428118246,-0.0811624865973877
set27IT056__Putida,0.3203656148391476,10.0,0,0,0.0,0,0,0,0,0,0.0,7.0,-1.46059351798731,0.376217563683444,-0.0752979202544952
set27IT057__Putida,0.2578978375435808,10.0,0,0,0.0,0,0,0,0,0,0.0,7.0,-1.59635208232026,0.180495549202416,-0.102062885718598
set27IT058__Putida,0.3849900163513772,10.0,0,0,0.0,0,0,0,0,0,0.0,7.0,-0.713754316991358,0.0266699654077045,-0.139212105440333
set27IT059__Putida,0.5223364174135922,10.0,0,0,0.0,0,0,0,0,0,0.0,7.0,-0.234986308362305,0.0699690734073739,-0.0057075017313685
set27IT060__Putida,0.4316333123666337,10.0,0,0,0.0,0,0,0,0,0,0.0,7.0,-0.59500261717157,-0.0169396939487632,0.0127355501526756
set27IT061__Putida,0.3168463978088595,10.0,0,0,0.0,0,0,0,0,0,0.0,7.0,-1.25841278936818,0.149194357724728,-0.069506468129688
set27IT062__Putida,0.4144046297138587,10.0,0,0,0.0,0,0,0,0,0,0.0,7.0,-0.532161286773718,-0.208224502878632,0.0582130131208243
set27IT063__Putida,0.4360221081658677,10.0,0,0,0.0,0,0,0,0,0,0.0,7.0,-0.654906862264151,0.181242800052697,-0.104543449848854
set27IT064__Putida,0.4910684637725269,10.0,0,0,0.0,0,0,0,0,0,0.0,7.0,-0.570572851583492,0.207738855698544,0.0450472609010235
set27IT065__Putida,0.5401773809707686,10.0,0,0,0.0,0,0,0,0,0,0.0,7.0,-0.344012593276334,0.324277612850474,-0.0667829741974197
set27IT066__Putida,0.2927168191562838,10.0,0,0,0.0,0,0,0,0,0,0.0,7.0,-1.61449066025365,0.442138788931684,-0.140258078081556
set27IT067__Putida,0.3242120049027294,10.0,0,0,0.0,0,0,0,0,0,0.0,7.0,-1.24543933204522,0.142372596165143,-0.0359110367438451
set27IT068__Putida,0.1707007518611617,10.0,0,0,0.0,0,0,0,0,0,0.0,7.0,-2.24239058754511,0.11493456884648,-0.0059826857905864
set27IT069__Putida,0.2087992878232059,10.0,0,0,0.0,0,0,0,0,0,0.0,7.0,-1.69886378753513,-0.083448054332206,-0.059094117654189
set27IT070__Putida,0.6022804758294236,10.0,0,0,0.0,0,0,0,0,0,0.0,7.0,0.128725355107526,0.255774177994217,-0.172604866077388
set27IT071__Putida,0.6283838331434488,10.0,0,0,0.0,0,0,0,0,0,0.0,7.0,-0.0289014564498398,0.425684057846192,-0.0552447232457964
set27IT072__Putida,0.2932059970164765,10.0,0,0,0.0,0,0,0,0,0,0.0,7.0,-1.42775658007628,0.157892744076639,-0.0399706559103883
set27IT073__Putida,0.2728045018580691,10.0,0,0,0.0,0,0,0,0,0,0.0,7.0,-1.34502313308162,0.065777807154312,-0.14878876415907
set28IT003__Putida,0.4336663392639928,10.0,0,0,0.0,0,0,0,0,0,0.0,7.0,-0.347087818523093,-0.267686302729384,0.0253010455162166
set28IT004__Putida,0.3990950096430922,10.0,0,0,0.0,0,0,0,0,0,0.0,7.0,-0.704844971622371,0.0861986888346495,-0.138095891563456
set28IT005__Putida,0.6166457232170418,10.0,0,0,0.0,0,0,0,0,0,0.0,7.0,0.170770469186064,0.0673364598890815,0.0447230631540467
set28IT006__Putida,0.6489845937568338,10.0,0,0,0.0,0,0,0,0,0,0.0,7.0,0.0438240110322292,0.456636049153695,-0.0539872326149051
set28IT007__Putida,0.6213927266396742,10.0,0,0,0.0,0,0,0,0,0,0.0,7.0,0.0085397676759972,0.187926503157766,0.110019534503113
set28IT008__Putida,0.6390338023400794,10.0,0,0,0.0,0,0,0,0,0,0.0,7.0,0.0614089045308499,0.216764223033139,0.117288057307909
set28IT009__Putida,0.5403146423122956,10.0,0,0,0.0,0,0,0,0,0,0.0,7.0,-0.0963279137868269,-0.0133119896846201,0.0237714088536478
set28IT010__Putida,0.5574986138186717,10.0,0,0,0.0,0,0,0,0,0,0.0,7.0,-0.0581037275038081,0.189082441657017,-0.135278290650233
set28IT013__Putida,0.4288514754597188,10.0,0,0,0.0,0,0,0,0,0,0.0,7.0,-0.342152580832932,-0.378694016176984,0.108303061494888
set28IT014__Putida,0.6134160479556735,10.0,0,0,0.0,0,0,0,0,0,0.0,7.0,0.248796123842216,0.134742624949915,-0.116739705794481
set28IT017__Putida,0.4962202153038621,10.0,0,0,0.0,0,0,0,0,0,0.0,7.0,0.186381782823532,-0.447630171408749,-0.0323163370095234
set28IT018__Putida,0.6457455199564117,10.0,0,0,0.0,0,0,0,0,0,0.0,7.0,0.344584266171159,0.0525655822430533,0.0326478277609061
set28IT021__Putida,0.4284445109487302,10.0,0,0,0.0,0,0,0,0,0,0.0,7.0,-0.641374537223256,0.261844897112556,-0.234966765062566
set28IT022__Putida,0.4003729134374709,10.0,0,0,0.0,0,0,0,0,0,0.0,7.0,-1.15501054065431,0.403922679223838,0.0006046859262101
set28IT023__Putida,0.4870949453334238,10.0,0,0,0.0,0,0,0,0,0,0.0,7.0,-0.227248418576542,-0.0848629240808152,-0.0243635244904303
set28IT024__Putida,0.5151029375441657,10.0,0,0,0.0,0,0,0,0,0,0.0,7.0,-0.318501724092069,0.079765958669108,0.0339588173207268
set28IT027__Putida,0.3326243289192099,10.0,0,0,0.0,0,0,0,0,0,0.0,7.0,-1.4604089454114,0.391216454307125,-0.0249593898086
set28IT028__Putida,0.4146733757544195,10.0,0,0,0.0,0,0,0,0,0,0.0,7.0,-1.04650026123864,0.396164589138659,-0.0305357369068591
set28IT029__Putida,0.5543558688919353,10.0,0,0,0.0,0,0,0,0,0,0.0,7.0,-0.0921932452999183,0.11682702431503,-0.0438943275702821
set28IT030__Putida,0.4277448062724501,10.0,0,0,0.0,0,0,0,0,0,0.0,7.0,-0.906766653680194,0.180430804079218,0.108480737285803
set28IT031__Putida,0.5902495252185928,10.0,0,0,0.0,0,0,0,0,0,0.0,7.0,-0.274767737919222,0.417402518810626,0.0105230452975598
set28IT032__Putida,0.4273944624713689,10.0,0,0,0.0,0,0,0,0,0,0.0,7.0,-0.516059991404209,-0.0964101375819912,-0.0070672164673686
set28IT035__Putida,0.4713098436268504,10.0,0,0,0.0,0,0,0,0,0,0.0,7.0,-0.378980294553896,-0.0191744857036336,-0.0126591458046563
set28IT036__Putida,0.7772001924361597,10.0,0,0,0.0,0,0,0,0,0,0.0,7.0,0.65262458795166,0.439748121965162,0.100186754276371
set28IT037__Putida,0.3555024915180697,10.0,0,0,0.0,0,0,0,0,0,0.0,7.0,-1.47819957980774,0.504998574034422,-0.0017821741479699
set28IT038__Putida,0.2815571938336019,10.0,0,0,0.0,0,0,0,0,0,0.0,7.0,-1.50428750689749,0.190609000713741,-0.0630106524381795
set28IT039__Putida,0.6713567081197087,10.0,0,0,0.0,0,0,0,0,0,0.0,7.0,0.17780522920528,0.318645630175874,0.0672493072772715
set28IT040__Putida,0.5968239056883422,10.0,0,0,0.0,0,0,0,0,0,0.0,7.0,-0.0071586714316413,0.251285516180919,-0.0589421415550984
set28IT041__Putida,0.5767467425229446,10.0,0,0,0.0,0,0,0,0,0,0.0,7.0,-0.167968758820648,0.139000267459072,0.116825537319896
set28IT042__Putida,0.5368322766174651,10.0,0,0,0.0,0,0,0,0,0,0.0,7.0,-0.729405741089289,0.497466411038903,0.129602492189761
set28IT045__Putida,0.3861258985455231,10.0,0,0,0.0,0,0,0,0,0,0.0,7.0,-0.716400551189406,-0.0591235413031868,-0.0451374908857192
set28IT046__Putida,0.4870603934763447,10.0,0,0,0.0,0,0,0,0,0,0.0,7.0,-0.563244384356903,0.231591392633366,-0.0049844088964308
set29IT004__Putida,0.5738279454889845,10.0,0,0,0.0,0,0,0,0,0,0.0,7.0,0.154358939892598,-0.162949797784433,0.0824085701340298
set29IT005__Putida,0.5195187573610692,10.0,0,0,0.0,0,0,0,0,0,0.0,7.0,-0.403598402415469,0.183979299687877,0.035625540662533
set29IT006__Putida,0.320509056840987,10.0,0,0,0.0,0,0,0,0,0,0.0,7.0,-1.16602786763727,-0.0773111207487616,0.0844392635548243
set29IT007__Putida,0.2758752769771335,10.0,0,0,0.0,0,0,0,0,0,0.0,7.0,-1.32120865758059,-0.0195828074191113,-0.0691145990540636
set29IT014__Putida,0.2277757554183634,10.0,0,0,0.0,0,0,0,0,0,0.0,7.0,-1.79679900653465,0.0132030199205828,0.0729513526230683
set29IT015__Putida,0.2175243176499965,10.0,0,0,0.0,0,0,0,0,0,0.0,7.0,-1.37647385875098,-0.245838951999647,-0.15795081478263
set29IT057__Putida,0.498859733282039,0.0,0,0,0.0,0,0,0,0,0,9.5,7.0,-0.338592448044766,-0.0758993255625371,0.133335493645174
set29IT058__Putida,0.524093621322022,0.0,0,0,0.0,0,0,0,0,0,9.5,7.0,-0.360129179349358,0.156465786991496,0.0412169542955256
set5IT075__Putida,0.0911508595539234,20.0,0,0,0.0,0,0,0,0,0,4.67377079828005,7.0,-2.69718709374541,-0.176822816802198,-0.104409136111064
set5IT076__Putida,0.1105613964953353,20.0,0,0,0.0,0,0,0,0,0,4.67377079828005,7.0,-2.234003878901,-0.277694603417791,-0.214465795792521
set5IT081__Putida,0.2500471384714299,0.0,0,0,0.0,0,0,0,0,0,4.67377079828005,7.0,-1.50805223621695,0.228869701443242,-0.287435304830706
set5IT082__Putida,0.2079090550780901,0.0,0,0,0.0,0,0,0,0,0,4.67377079828005,7.0,-1.10676479510314,-0.437579470521384,-0.303404657428924
set5IT083__Putida,0.4427892959441756,0.0,0,0,0.0,0,0,0,0,0,4.67377079828005,7.0,-0.274799905294463,-0.344929103828961,0.073808091434554
set5IT084__Putida,0.4670030288712132,0.0,0,0,0.0,0,0,0,0,0,4.67377079828005,7.0,-0.306287033721853,0.184124965385503,-0.308975237789943
set5IT085__Putida,0.5188241333421206,0.0,0,0,0.0,0,0,0,0,0,4.67377079828005,7.0,-0.0572989423956413,0.0371926747537956,-0.167157462408372
set5IT086__Putida,0.3531078728515057,0.0,0,0,0.0,0,0,0,0,0,4.67377079828005,7.0,-0.222384560400897,-0.383792262952678,-0.381107742580888
set5IT087__Putida,0.5694877672824203,0.0,0,0,0.0,0,0,0,0,0,4.67377079828005,7.0,0.0902131009752527,0.0070611164353162,-0.0442872520666835
set5IT088__Putida,0.4892323931896825,0.0,0,0,0.0,0,0,0,0,0,4.67377079828005,7.0,-0.342223299259111,-0.0153511844855441,0.0311531997118556
set6IT057__Putida,0.1998423427522899,10.0,0,0,0.0,0,0,0,0,0,9.5,7.0,-1.63245914337119,-0.244182040933526,-0.0295217921833486
set6IT059__Putida,0.3387207159310345,0.0,0,0,0.0,0,0,0,0,0,9.5,7.0,-0.635060430128327,-0.213034071432578,-0.21392782367333
set6IT061__Putida,0.5608776350928592,0.0,0,0,0.0,5,0,0,0,0,9.5,7.0,0.0630705466246053,0.0883123319684238,-0.139572188881008
set6IT064__Putida,0.3292541339965647,0.0,0,0,0.0,0,0,0,0,0,9.5,7.0,-0.417282983244287,-0.546101069338913,-0.148655971441679
set6IT065__Putida,0.3594578563323278,0.0,0,0,0.0,0,0,0,0,0,9.5,7.0,-0.761879268136878,-0.0564505878023571,-0.136415089003889
set7IT042__Putida,0.7570905626175989,0.0,0,0,0.0,0,0,0,0,0,9.5,7.0,0.28051665138676,0.771389414532412,0.0082875867294243
set7IT044__Putida,0.5847764632553721,0.0,0,0,0.0,0,0,0,0,0,9.5,7.0,0.445425792047845,-0.459686783008772,0.140877107111927
set7IT045__Putida,0.4853692373894225,0.0,0,0,0.0,0,0,0,0,0,9.5,7.0,-0.162011866555725,-0.224973668157939,0.0423921191817223
set7IT055__Putida,0.4360056511074776,0.0,0,0,0.0,0,0,0,0,0,9.5,7.0,-0.0423404801321277,-0.302572446696102,-0.233373236318177
set7IT056__Putida,0.2971033828965728,0.0,0,0,0.0,0,0,0,0,0,9.5,7.0,-1.00535034845603,-0.277723689693059,-0.0047435662374084
set7IT057__Putida,0.5077295641339297,0.0,0,0,0.0,0,0,0,0,0,9.5,7.0,-0.449674204588786,0.0252745887998598,0.184942449399457
set7IT062__Putida,0.567757680549969,0.0,0,0,0.0,0,0,0,0,0,9.5,7.0,0.310070292495132,-0.189561869944862,-0.0758105713620638
set8IT060__Putida,0.5756305054231399,0.0,0,0,0.0,0,0,0,0,0,0.0,6.9,0.182666743197044,0.056940756486215,-0.157122510703079
set8IT062__Putida,0.6707785720641738,0.0,0,0,0.0,0,0,0,0,0,0.0,6.9,0.103988960453803,0.631833282696184,-0.175200146446512
set8IT064__Putida,0.6195712673586653,0.0,0,0,0.0,0,0,0,0,0,0.0,6.9,0.104458491299833,0.260321715342393,-0.0673847340390212
set8IT073__Putida,0.8640919239608092,0.0,0,0,0.0,0,0,0,0,0,0.0,6.9,1.0944752772791,0.718652700831318,0.0848913167876306
set8IT082__Putida,0.673474856672498,0.0,0,0,0.0,0,0,0,0,0,0.0,6.9,1.16065508513859,-0.503034004739826,-0.0826198863701681
set8IT084__Putida,0.5653420481673752,0.0,0,0,0.0,0,0,0,0,0,0.0,6.9,0.175810267349659,0.0999670844145828,-0.242639976844124
set8IT085__Putida,0.6705079817206882,0.0,0,0,0.0,0,0,0,0,0,0.0,6.9,0.742597270200207,-0.0517749034573747,-0.131639981456557
set8IT092__Putida,0.6772412407405142,0.0,0,0,0.0,0,0,0,0,0,0.0,6.9,0.647427840965477,-0.220686431401032,0.168448597401209
set8IT093__Putida,0.6575127737685685,0.0,0,0,0.0,0,0,0,0,0,0.0,6.9,0.607175681221382,0.026234596514092,-0.142689069416992
set8IT094__Putida,0.4968911369756325,0.0,0,0,0.0,0,0,0,0,0,0.0,6.9,-0.163662032291569,-0.121847334873596,-0.0049012709755049
set8IT095__Putida,0.6451275260013821,0.0,0,0,0.0,0,0,0,0,0,0.0,6.9,0.367679205445172,0.0817153446985386,-0.0227705165889285
set8IT096__Putida,0.403232237542634,0.0,0,0,0.0,0,0,0,0,0,0.0,6.9,-0.291038119234538,-0.338266550685062,-0.107197809218149
set9IT020__Putida,0.7593942856575961,0.0,0,0,0.0,0,0,0,0,0,0.0,6.9,1.11601943883653,0.338472921381901,-0.379529203562781
set9IT022__Putida,0.7457242014411066,0.0,0,0,0.0,0,0,0,0,0,0.0,6.9,0.765113375627763,0.556518738480506,-0.332960179107111
set9IT025__Putida,0.8516188284792526,0.0,0,0,0.0,0,0,0,0,0,0.0,6.9,2.11620065423678,0.159888773307703,-0.498349554588498
