d_glucose,sodium_citrate,sodium_octanoate,sodium_acetate,sodium_benzoate,d_xylose,l_arabinose,sodium_chloride,urea,ammonium_chloride,pH,type,direction,frontier_type,growth_pred,var,is_redo,round,experiment_number,feature,bad,parent_plate,strain,environment,fitness,depth
3.654528703540563,3.4862974509596825,1.9570073168724775,3.676012136042118,1.4579990599304438,2.3301817886531353,1.0322744473814964,94.66340974904595,0.4911446967162192,0.8185058822855353,9,,2,FRONTIER,1,0,FALSE,1,10,0.5321,0,Plate PpJE3959_1$8693513b52de46d470ad9398fa39bfc2f7d10780,PpJE3959,aerobic_37deg,0.6110862990799699,122.56736123142763
1.882782083004713,1.6476017273962498,1.922884326428175,1.9101208671927452,2.4751561181619763,2.609455381,0.024642408,190.84298494271937,0.4813526449725032,0.3125973157584667,9,,2,FRONTIER,1,0,FALSE,1,17,0.737,0,Plate PpJE3959_2$a125cef5c93af3784aa0b483b148290aa6ac7331,PpJE3959,aerobic_37deg,0.6044837327986877,213.1095778141171
0.8936893902719021,3.8832857199013233,1.2959878854453564,3.8141286559402943,1.6379659553058443,1.1358920074999332,0.1402091719210147,20.322280004620552,0.2140895677730441,0.1315876813605427,9,,2,FRONTIER,1,0,FALSE,1,52,0.7240000000000001,0,Plate PpJE3959_2$a125cef5c93af3784aa0b483b148290aa6ac7331,PpJE3959,aerobic_37deg,0.5938211974847354,42.46911604003981
0.8936893902719021,3.8832857199013233,1.2959878854453564,3.8141286559402943,1.6379659553058443,1.1358920074999332,0.1402091719210147,20.322280004620552,0.2140895677730441,0.1315876813605427,9,,2,FRONTIER,1,0,FALSE,1,52,0.7150000000000001,0,Plate PpJE3959_2$a125cef5c93af3784aa0b483b148290aa6ac7331,PpJE3959,aerobic_37deg,0.5864394422673836,42.46911604003981
1.882782083004713,1.6476017273962498,1.922884326428175,1.9101208671927452,2.4751561181619763,2.609455381,0.024642408,190.84298494271937,0.4813526449725032,0.3125973157584667,9,,2,FRONTIER,1,0,FALSE,1,17,0.671,0,Plate PpJE3959_2$a125cef5c93af3784aa0b483b148290aa6ac7331,PpJE3959,aerobic_37deg,0.5503508612047754,213.1095778141171
1.882782083004713,1.6476017273962498,1.922884326428175,1.9101208671927452,2.4751561181619763,2.609455381,0.024642408,190.84298494271937,0.4813526449725032,0.3125973157584667,9,,2,FRONTIER,1,0,FALSE,1,17,0.668,0,Plate PpJE3959_2$a125cef5c93af3784aa0b483b148290aa6ac7331,PpJE3959,aerobic_37deg,0.5478902761323249,213.1095778141171
3.908568922430277,1.7765894420444963,1.5517463833093643,9.196775347,0.936890054,0.1366114243865013,1.4305647164583206,156.4789987169206,0.2272426094859838,0.1764929424971342,7,,2,FRONTIER,1,0,FALSE,1,39,0.5640000000000001,0,Plate PpJE3959_2$a125cef5c93af3784aa0b483b148290aa6ac7331,PpJE3959,aerobic_37deg,0.4625899936207054,182.82048055808988
1.6174790114164352,2.6858063973486423,0.9409332051873208,3.0419172160327435,0.2748635574243963,2.073653358966112,2.857111617922783,160.38633044809103,0.371551591,0.6414973037317395,9,,2,FRONTIER,1,0,FALSE,1,32,0.3971,0,Plate PpJE3959_1$8693513b52de46d470ad9398fa39bfc2f7d10780,PpJE3959,aerobic_37deg,0.45604655020608165,183.8911437075585
0.8936893902719021,3.8832857199013233,1.2959878854453564,3.8141286559402943,1.6379659553058443,1.1358920074999332,0.1402091719210147,20.322280004620552,0.2140895677730441,0.1315876813605427,9,,2,FRONTIER,1,0,FALSE,1,52,0.544,0,Plate PpJE3959_2$a125cef5c93af3784aa0b483b148290aa6ac7331,PpJE3959,aerobic_37deg,0.4461860931377017,42.46911604003981
3.654528703540563,3.4862974509596825,1.9570073168724775,3.676012136042118,1.4579990599304438,2.3301817886531353,1.0322744473814964,94.66340974904595,0.4911446967162192,0.8185058822855353,9,,2,FRONTIER,1,0,FALSE,1,10,0.3863999999999999,0,Plate PpJE3959_1$8693513b52de46d470ad9398fa39bfc2f7d10780,PpJE3959,aerobic_37deg,0.4437582145545956,122.56736123142763
1.9488069526851175,2.3842893056571484,1.1549830120056868,5.359115347266197,0.7679526135325432,2.4559416100382805,3.3014699667692184,220.23051348514855,0.030078853,0.6212410293519497,7,,2,FRONTIER,1,0,FALSE,1,48,0.532,0,Plate PpJE3959_3$a152623478a2ee35d6ced5fe2b262152cd6cd08c,PpJE3959,aerobic_37deg,0.41933788754598006,245.2543921750039
3.908568922430277,1.7765894420444963,1.5517463833093643,9.196775347,0.936890054,0.1366114243865013,1.4305647164583206,156.4789987169206,0.2272426094859838,0.1764929424971342,7,,2,FRONTIER,1,0,FALSE,1,39,0.507,0,Plate PpJE3959_2$a125cef5c93af3784aa0b483b148290aa6ac7331,PpJE3959,aerobic_37deg,0.41583887724414476,182.82048055808988
0.7779237255454063,1.5834601074457169,0.8956448026001453,10.954186007380486,0.620148629,3.198570813983679,1.8275209479033947,142.22861779853702,0.1638883482664823,0.8992926524952054,9,,2,FRONTIER,1,0,FALSE,1,45,0.52,0,Plate PpJE3959_3$a152623478a2ee35d6ced5fe2b262152cd6cd08c,PpJE3959,aerobic_37deg,0.40987913820283767,172.14925383310765
1.758069045841694,3.822442829608917,0.2609712667763233,6.7649250738322735,0.9893089509569108,0.5472581647336483,1.9626789763569832,68.38766043074429,0.3906847,0.59206875,9,,2,FRONTIER,1,0,FALSE,1,16,0.3483,0,Plate PpJE3959_1$8693513b52de46d470ad9398fa39bfc2f7d10780,PpJE3959,aerobic_37deg,0.40000255209463165,94.47606818890199
3.392143764,2.306435413658619,1.7219895422458649,1.5304329134523869,0.08332331,3.0059984922409058,1.631217572838068,228.9950498379767,0.2583631547167897,0.5430989293381572,7,,2,FRONTIER,1,0,FALSE,1,50,0.497,0,Plate PpJE3959_3$a152623478a2ee35d6ced5fe2b262152cd6cd08c,PpJE3959,aerobic_37deg,0.3917498686284814,250.46805292973295
2.9950281269848347,0.2761437408626079,1.8802249152213335,10.839746419340372,1.7862372170202434,3.4552259482443333,2.003675465,83.46273633651435,0.044208518,0.5763049265369773,9,,2,FRONTIER,1,0,FALSE,1,59,0.49,0,Plate PpJE3959_3$a152623478a2ee35d6ced5fe2b262152cd6cd08c,PpJE3959,aerobic_37deg,0.38623226484498163,116.3195316134952
3.654528703540563,3.4862974509596825,1.9570073168724775,3.676012136042118,1.4579990599304438,2.3301817886531353,1.0322744473814964,94.66340974904595,0.4911446967162192,0.8185058822855353,9,,2,FRONTIER,1,0,FALSE,1,10,0.328,0,Plate PpJE3959_1$8693513b52de46d470ad9398fa39bfc2f7d10780,PpJE3959,aerobic_37deg,0.3766891676343359,122.56736123142763
0.606045276,0.9073369093239309,0.3414158001542091,2.672807916998863,0.6925801746547222,1.6722168512642384,2.9951459355652332,112.91257641278207,0.073875363,0.8342428542673588,9,,2,FRONTIER,1,0,FALSE,1,61,0.474,0,Plate PpJE3959_3$a152623478a2ee35d6ced5fe2b262152cd6cd08c,PpJE3959,aerobic_37deg,0.3736205990541251,132.70824349438772
2.9950281269848347,0.2761437408626079,1.8802249152213335,10.839746419340372,1.7862372170202434,3.4552259482443333,2.003675465,83.46273633651435,0.044208518,0.5763049265369773,9,,2,FRONTIER,1,0,FALSE,1,59,0.463,0,Plate PpJE3959_3$a152623478a2ee35d6ced5fe2b262152cd6cd08c,PpJE3959,aerobic_37deg,0.36495007882291125,116.3195316134952
1.7421538420021534,0.8469794392585754,1.368863657,11.626946054399014,1.2902823695912955,0.010843914,3.169303707778454,32.56007516756654,0.25054965,0.3893830301240086,9,,2,FRONTIER,1,0,FALSE,1,1,0.442,0,Plate PpJE3959_2$a125cef5c93af3784aa0b483b148290aa6ac7331,PpJE3959,aerobic_37deg,0.36252620067438257,62.25538083
0.606045276,0.9073369093239309,0.3414158001542091,2.672807916998863,0.6925801746547222,1.6722168512642384,2.9951459355652332,112.91257641278207,0.073875363,0.8342428542673588,9,,2,FRONTIER,1,0,FALSE,1,61,0.455,0,Plate PpJE3959_3$a152623478a2ee35d6ced5fe2b262152cd6cd08c,PpJE3959,aerobic_37deg,0.35864424592748295,132.70824349438772
0.7779237255454063,1.5834601074457169,0.8956448026001453,10.954186007380486,0.620148629,3.198570813983679,1.8275209479033947,142.22861779853702,0.1638883482664823,0.8992926524952054,9,,2,FRONTIER,1,0,FALSE,1,45,0.454,0,Plate PpJE3959_3$a152623478a2ee35d6ced5fe2b262152cd6cd08c,PpJE3959,aerobic_37deg,0.3578560168155544,172.14925383310765
3.392143764,2.306435413658619,1.7219895422458649,1.5304329134523869,0.08332331,3.0059984922409058,1.631217572838068,228.9950498379767,0.2583631547167897,0.5430989293381572,7,,2,FRONTIER,1,0,FALSE,1,50,0.445,0,Plate PpJE3959_3$a152623478a2ee35d6ced5fe2b262152cd6cd08c,PpJE3959,aerobic_37deg,0.3507619548081976,250.46805292973295
1.6174790114164352,2.6858063973486423,0.9409332051873208,3.0419172160327435,0.2748635574243963,2.073653358966112,2.857111617922783,160.38633044809103,0.371551591,0.6414973037317395,9,,2,FRONTIER,1,0,FALSE,1,32,0.285,0,Plate PpJE3959_1$8693513b52de46d470ad9398fa39bfc2f7d10780,PpJE3959,aerobic_37deg,0.32730613651154183,183.8911437075585
2.5052367821335793,3.300436209887266,0.9920149799436332,6.721496969461441,0.8566657593473792,3.9778751619160175,0.8665426857769489,48.97795524448157,0.1854069153778255,0.4051505532115698,9,,2,FRONTIER,1,0,FALSE,1,54,0.283,0,Plate PpJE3959_1$8693513b52de46d470ad9398fa39bfc2f7d10780,PpJE3959,aerobic_37deg,0.32500925134303976,77.78878126153722
3.9826199747622018,2.0054837726056576,1.2766353208571672,7.446993269,2.306206813082099,0.7901175655424595,2.1459145843982697,127.76296772062778,0.2759743025526404,0.8833219092339277,9,,2,FRONTIER,1,0,FALSE,1,26,0.412,0,Plate PpJE3959_3$a152623478a2ee35d6ced5fe2b262152cd6cd08c,PpJE3959,aerobic_37deg,0.324750394,157.8762352326885
1.9488069526851175,2.3842893056571484,1.1549830120056868,5.359115347266197,0.7679526135325432,2.4559416100382805,3.3014699667692184,220.23051348514855,0.030078853,0.6212410293519497,7,,2,FRONTIER,1,0,FALSE,1,48,0.408,0,Plate PpJE3959_3$a152623478a2ee35d6ced5fe2b262152cd6cd08c,PpJE3959,aerobic_37deg,0.3215974776668418,245.2543921750039
0.6711442209780216,1.3463811203837397,1.1953879911452532,10.266987394541502,1.064714768435806,3.330931529402733,0.2719555906951427,207.13870390318337,0.4427743027918041,0.8634113781154156,7,,2,FRONTIER,1,0,FALSE,1,29,0.4059999999999999,0,Plate PpJE3959_3$a152623478a2ee35d6ced5fe2b262152cd6cd08c,PpJE3959,aerobic_37deg,0.3200210194429847,233.5923921996728
0.1528993919491768,2.8127509988844395,1.0310056377202272,2.9802041575312614,0.5712360329926014,0.4678652659058571,0.5398085936903954,154.6535703819245,0.036394846,0.4811808476224541,7,,2,FRONTIER,1,0,FALSE,1,12,0.3969999999999999,0,Plate PpJE3959_3$a152623478a2ee35d6ced5fe2b262152cd6cd08c,PpJE3959,aerobic_37deg,0.3129269574356279,170.7269161543809
2.9950281269848347,0.2761437408626079,1.8802249152213335,10.839746419340372,1.7862372170202434,3.4552259482443333,2.003675465,83.46273633651435,0.044208518,0.5763049265369773,9,,2,FRONTIER,1,0,FALSE,1,59,0.3899999999999999,0,Plate PpJE3959_3$a152623478a2ee35d6ced5fe2b262152cd6cd08c,PpJE3959,aerobic_37deg,0.3074093536521282,116.3195316134952
3.8452478647232056,0.46151384,0.9076645616441964,1.790187444537878,1.133930014912039,2.852928038686514,3.833595194,7.566309999674559,0.3500407133251428,0.1473209615796804,9,,2,FRONTIER,1,0,FALSE,1,7,0.265,0,Plate PpJE3959_1$8693513b52de46d470ad9398fa39bfc2f7d10780,PpJE3959,aerobic_37deg,0.3043372848265214,31.88873863266781
3.9826199747622018,2.0054837726056576,1.2766353208571672,7.446993269,2.306206813082099,0.7901175655424595,2.1459145843982697,127.76296772062778,0.2759743025526404,0.8833219092339277,9,,2,FRONTIER,1,0,FALSE,1,26,0.386,0,Plate PpJE3959_3$a152623478a2ee35d6ced5fe2b262152cd6cd08c,PpJE3959,aerobic_37deg,0.3042564372044141,157.8762352326885
3.908568922430277,1.7765894420444963,1.5517463833093643,9.196775347,0.936890054,0.1366114243865013,1.4305647164583206,156.4789987169206,0.2272426094859838,0.1764929424971342,7,,2,FRONTIER,1,0,FALSE,1,39,0.37,0,Plate PpJE3959_2$a125cef5c93af3784aa0b483b148290aa6ac7331,PpJE3959,aerobic_37deg,0.3034721589355691,182.82048055808988
1.6832090504467487,3.122960545122623,1.5840308386832476,7.635958716273308,0.5447451956570148,0.915946528,0.3758035376667976,3.658798523247242,0.237042889,0.6743372352793813,7,,2,FRONTIER,1,0,FALSE,1,64,0.383,0,Plate PpJE3959_3$a152623478a2ee35d6ced5fe2b262152cd6cd08c,PpJE3959,aerobic_37deg,0.3018917498686285,27.43283305922523
1.758069045841694,3.822442829608917,0.2609712667763233,6.7649250738322735,0.9893089509569108,0.5472581647336483,1.9626789763569832,68.38766043074429,0.3906847,0.59206875,9,,2,FRONTIER,1,0,FALSE,1,16,0.2623,0,Plate PpJE3959_1$8693513b52de46d470ad9398fa39bfc2f7d10780,PpJE3959,aerobic_37deg,0.30123648984904355,94.47606818890199
1.6832090504467487,3.122960545122623,1.5840308386832476,7.635958716273308,0.5447451956570148,0.915946528,0.3758035376667976,3.658798523247242,0.237042889,0.6743372352793813,7,,2,FRONTIER,1,0,FALSE,1,64,0.378,0,Plate PpJE3959_3$a152623478a2ee35d6ced5fe2b262152cd6cd08c,PpJE3959,aerobic_37deg,0.29795060430898584,27.43283305922523
2.571475036,0.5439539887011051,0.2113401480019092,10.009358324110508,2.230803342536092,3.073910988867283,3.588720802217722,16.414799261838198,0.3280640826560557,0.6590607222169638,7,,2,FRONTIER,1,0,FALSE,1,11,0.355,0,Plate PpJE3959_2$a125cef5c93af3784aa0b483b148290aa6ac7331,PpJE3959,aerobic_37deg,0.2911692335733163,46.631486697588116
3.0838415138423443,3.5850226506590843,1.5288584530353546,6.940336324,1.698573175817728,2.6253800988197327,3.913933362811804,149.76951503194869,0.3379523875191808,0.6335570178925991,7,,2,FRONTIER,1,0,FALSE,1,66,0.353,0,Plate PpJE3959_2$a125cef5c93af3784aa0b483b148290aa6ac7331,PpJE3959,aerobic_37deg,0.28952884352501596,181.11697001662105
3.9826199747622018,2.0054837726056576,1.2766353208571672,7.446993269,2.306206813082099,0.7901175655424595,2.1459145843982697,127.76296772062778,0.2759743025526404,0.8833219092339277,9,,2,FRONTIER,1,0,FALSE,1,26,0.364,0,Plate PpJE3959_3$a152623478a2ee35d6ced5fe2b262152cd6cd08c,PpJE3959,aerobic_37deg,0.28691539674198635,157.8762352326885
3.591718815267086,2.799173880368471,0.5688110776245594,8.081821862608194,1.8616430717520416,0.6724740043282509,3.699647933244705,194.74792876280844,0.1173628778196871,0.8479298567399383,7,,2,FRONTIER,1,0,FALSE,1,42,0.361,0,Plate PpJE3959_3$a152623478a2ee35d6ced5fe2b262152cd6cd08c,PpJE3959,aerobic_37deg,0.28455070940620075,223.98851214256138
2.2396020889282227,1.4560267589986324,1.6776778362691402,6.466311581432819,0.4216748988255858,2.130956955254078,2.6607167050242424,218.6493445187807,0.2062760000117123,0.7853036997839808,7,,2,FRONTIER,1,0,FALSE,1,3,0.359,0,Plate PpJE3959_3$a152623478a2ee35d6ced5fe2b262152cd6cd08c,PpJE3959,aerobic_37deg,0.28297425118234365,243.69389104330912
1.9488069526851175,2.3842893056571484,1.1549830120056868,5.359115347266197,0.7679526135325432,2.4559416100382805,3.3014699667692184,220.23051348514855,0.030078853,0.6212410293519497,7,,2,FRONTIER,1,0,FALSE,1,48,0.352,0,Plate PpJE3959_3$a152623478a2ee35d6ced5fe2b262152cd6cd08c,PpJE3959,aerobic_37deg,0.2774566473988439,245.2543921750039
1.7421538420021534,0.8469794392585754,1.368863657,11.626946054399014,1.2902823695912955,0.010843914,3.169303707778454,32.56007516756654,0.25054965,0.3893830301240086,9,,2,FRONTIER,1,0,FALSE,1,1,0.3169999999999999,0,Plate PpJE3959_2$a125cef5c93af3784aa0b483b148290aa6ac7331,PpJE3959,aerobic_37deg,0.2600018226556091,62.25538083
3.8452478647232056,0.46151384,0.9076645616441964,1.790187444537878,1.133930014912039,2.852928038686514,3.833595194,7.566309999674559,0.3500407133251428,0.1473209615796804,9,,2,FRONTIER,1,0,FALSE,1,7,0.2189,0,Plate PpJE3959_1$8693513b52de46d470ad9398fa39bfc2f7d10780,PpJE3959,aerobic_37deg,0.2513940816925492,31.88873863266781
3.5171185061335564,1.0439354442059994,0.3533215876668691,11.555718328803778,0.1314560160972178,0.2679836638271808,0.9707024842500688,224.1374885197729,0.3847911651246249,0.086397654,9,,2,FRONTIER,1,0,FALSE,1,23,0.316,0,Plate PpJE3959_3$a152623478a2ee35d6ced5fe2b262152cd6cd08c,PpJE3959,aerobic_37deg,0.24908039936941673,251.4489133702591
2.2396020889282227,1.4560267589986324,1.6776778362691402,6.466311581432819,0.4216748988255858,2.130956955254078,2.6607167050242424,218.6493445187807,0.2062760000117123,0.7853036997839808,7,,2,FRONTIER,1,0,FALSE,1,3,0.316,0,Plate PpJE3959_3$a152623478a2ee35d6ced5fe2b262152cd6cd08c,PpJE3959,aerobic_37deg,0.24908039936941673,243.69389104330912
2.6938916258513927,2.9844087660312653,1.5960582308471205,5.1280957125127316,1.214206761214882,1.0115897804498672,2.400554548949003,146.13424707204103,0.2998965489678085,0.4343188982456922,7,,2,FRONTIER,1,0,FALSE,1,22,0.303,0,Plate PpJE3959_2$a125cef5c93af3784aa0b483b148290aa6ac7331,PpJE3959,aerobic_37deg,0.2485190923175066,170.8972679451108
3.0838415138423443,3.5850226506590843,1.5288584530353546,6.940336324,1.698573175817728,2.6253800988197327,3.913933362811804,149.76951503194869,0.3379523875191808,0.6335570178925991,7,,2,FRONTIER,1,0,FALSE,1,66,0.298,0,Plate PpJE3959_2$a125cef5c93af3784aa0b483b148290aa6ac7331,PpJE3959,aerobic_37deg,0.24441811719675566,181.11697001662105
0.606045276,0.9073369093239309,0.3414158001542091,2.672807916998863,0.6925801746547222,1.6722168512642384,2.9951459355652332,112.91257641278207,0.073875363,0.8342428542673588,9,,2,FRONTIER,1,0,FALSE,1,61,0.31,0,Plate PpJE3959_3$a152623478a2ee35d6ced5fe2b262152cd6cd08c,PpJE3959,aerobic_37deg,0.2443510246978455,132.70824349438772
2.5052367821335793,3.300436209887266,0.9920149799436332,6.721496969461441,0.8566657593473792,3.9778751619160175,0.8665426857769489,48.97795524448157,0.1854069153778255,0.4051505532115698,9,,2,FRONTIER,1,0,FALSE,1,54,0.2113,0,Plate PpJE3959_1$8693513b52de46d470ad9398fa39bfc2f7d10780,PpJE3959,aerobic_37deg,0.24266591805224136,77.78878126153722
3.107644308358431,1.266276665,0.6424343921244144,3.421341598033905,2.2836918849498034,3.559916064143181,3.4870932288467884,137.86951010115445,0.3984982050023973,0.4969445709139108,7,,2,FRONTIER,1,0,FALSE,1,63,0.293,0,Plate PpJE3959_2$a125cef5c93af3784aa0b483b148290aa6ac7331,PpJE3959,aerobic_37deg,0.24031714207600471,163.5333510185592
2.6356489174067974,1.233089692890644,1.3260740917176008,2.603411916643381,2.0264582219533622,1.9151972644031048,1.179342981427908,179.00268966332078,0.1886724852956831,0.6254923176020384,9,,2,FRONTIER,1,0,FALSE,1,43,0.2058999999999999,0,Plate PpJE3959_1$8693513b52de46d470ad9398fa39bfc2f7d10780,PpJE3959,aerobic_37deg,0.23646432809728574,201.7360775526613
3.8452478647232056,0.46151384,0.9076645616441964,1.790187444537878,1.133930014912039,2.852928038686514,3.833595194,7.566309999674559,0.3500407133251428,0.1473209615796804,9,,2,FRONTIER,1,0,FALSE,1,7,0.2057,0,Plate PpJE3959_1$8693513b52de46d470ad9398fa39bfc2f7d10780,PpJE3959,aerobic_37deg,0.23623463958043564,31.88873863266781
3.591718815267086,2.799173880368471,0.5688110776245594,8.081821862608194,1.8616430717520416,0.6724740043282509,3.699647933244705,194.74792876280844,0.1173628778196871,0.8479298567399383,7,,2,FRONTIER,1,0,FALSE,1,42,0.299,0,Plate PpJE3959_3$a152623478a2ee35d6ced5fe2b262152cd6cd08c,PpJE3959,aerobic_37deg,0.23568050446663164,223.98851214256138
0.4810734242200851,3.675947904586792,1.7099609803408384,11.210183970630167,0.6551310047507286,2.9102465212345123,3.652975947,121.48563796654344,0.1964839035645127,0.2832994759082794,7,,2,FRONTIER,1,0,FALSE,1,28,0.283,0,Plate PpJE3959_2$a125cef5c93af3784aa0b483b148290aa6ac7331,PpJE3959,aerobic_37deg,0.23211519183450285,153.26094109844416
2.9282404966652393,3.5042825676500797,1.1668811589479446,8.898069765418768,0.051229338,3.610174321,1.2952149994671345,116.81766924448311,0.4681996088474989,0.361442476,7,,2,FRONTIER,1,0,FALSE,1,6,0.294,0,Plate PpJE3959_3$a152623478a2ee35d6ced5fe2b262152cd6cd08c,PpJE3959,aerobic_37deg,0.23173935890698896,146.10140397539362
2.6356489174067974,1.233089692890644,1.3260740917176008,2.603411916643381,2.0264582219533622,1.9151972644031048,1.179342981427908,179.00268966332078,0.1886724852956831,0.6254923176020384,9,,2,FRONTIER,1,0,FALSE,1,43,0.1961999999999999,0,Plate PpJE3959_1$8693513b52de46d470ad9398fa39bfc2f7d10780,PpJE3959,aerobic_37deg,0.2253244350300508,201.7360775526613
3.107644308358431,1.266276665,0.6424343921244144,3.421341598033905,2.2836918849498034,3.559916064143181,3.4870932288467884,137.86951010115445,0.3984982050023973,0.4969445709139108,7,,2,FRONTIER,1,0,FALSE,1,63,0.27,0,Plate PpJE3959_2$a125cef5c93af3784aa0b483b148290aa6ac7331,PpJE3959,aerobic_37deg,0.22145265652055046,163.5333510185592
3.392143764,2.306435413658619,1.7219895422458649,1.5304329134523869,0.08332331,3.0059984922409058,1.631217572838068,228.9950498379767,0.2583631547167897,0.5430989293381572,7,,2,FRONTIER,1,0,FALSE,1,50,0.278,0,Plate PpJE3959_3$a152623478a2ee35d6ced5fe2b262152cd6cd08c,PpJE3959,aerobic_37deg,0.21912769311613245,250.46805292973295
3.0838415138423443,3.5850226506590843,1.5288584530353546,6.940336324,1.698573175817728,2.6253800988197327,3.913933362811804,149.76951503194869,0.3379523875191808,0.6335570178925991,7,,2,FRONTIER,1,0,FALSE,1,66,0.266,0,Plate PpJE3959_2$a125cef5c93af3784aa0b483b148290aa6ac7331,PpJE3959,aerobic_37deg,0.2181718764239497,181.11697001662105
1.625472616404295,1.8069597408175468,0.7132394071668386,5.910083167254925,1.132760690525174,1.7703433632850647,0.9587557315826416,23.253051564097404,0.047502636,0.4439443303272128,7,,2,FRONTIER,1,0,FALSE,1,65,0.1895,0,Plate PpJE3959_1$8693513b52de46d470ad9398fa39bfc2f7d10780,PpJE3959,aerobic_37deg,0.21762986971556905,44.662113247439265
3.591718815267086,2.799173880368471,0.5688110776245594,8.081821862608194,1.8616430717520416,0.6724740043282509,3.699647933244705,194.74792876280844,0.1173628778196871,0.8479298567399383,7,,2,FRONTIER,1,0,FALSE,1,42,0.2749999999999999,0,Plate PpJE3959_3$a152623478a2ee35d6ced5fe2b262152cd6cd08c,PpJE3959,aerobic_37deg,0.21676300578034677,223.98851214256138
1.625472616404295,1.8069597408175468,0.7132394071668386,5.910083167254925,1.132760690525174,1.7703433632850647,0.9587557315826416,23.253051564097404,0.047502636,0.4439443303272128,7,,2,FRONTIER,1,0,FALSE,1,65,0.188,0,Plate PpJE3959_1$8693513b52de46d470ad9398fa39bfc2f7d10780,PpJE3959,aerobic_37deg,0.2159072058391925,44.662113247439265
2.6938916258513927,2.9844087660312653,1.5960582308471205,5.1280957125127316,1.214206761214882,1.0115897804498672,2.400554548949003,146.13424707204103,0.2998965489678085,0.4343188982456922,7,,2,FRONTIER,1,0,FALSE,1,22,0.261,0,Plate PpJE3959_2$a125cef5c93af3784aa0b483b148290aa6ac7331,PpJE3959,aerobic_37deg,0.21407090130319878,170.8972679451108
0.4810734242200851,3.675947904586792,1.7099609803408384,11.210183970630167,0.6551310047507286,2.9102465212345123,3.652975947,121.48563796654344,0.1964839035645127,0.2832994759082794,7,,2,FRONTIER,1,0,FALSE,1,28,0.2589999999999999,0,Plate PpJE3959_2$a125cef5c93af3784aa0b483b148290aa6ac7331,PpJE3959,aerobic_37deg,0.2124305112548983,153.26094109844416
1.6832090504467487,3.122960545122623,1.5840308386832476,7.635958716273308,0.5447451956570148,0.915946528,0.3758035376667976,3.658798523247242,0.237042889,0.6743372352793813,7,,2,FRONTIER,1,0,FALSE,1,64,0.2689999999999999,0,Plate PpJE3959_3$a152623478a2ee35d6ced5fe2b262152cd6cd08c,PpJE3959,aerobic_37deg,0.21203363110877554,27.43283305922523
2.2606742046773434,2.495698180049658,0.6948023661971092,10.57792055234313,1.9773932988755405,2.6849644109606743,0.4531540349125862,180.38026592694223,0.066061795,0.2391187939792871,7,,2,FRONTIER,1,0,FALSE,1,14,0.255,0,Plate PpJE3959_2$a125cef5c93af3784aa0b483b148290aa6ac7331,PpJE3959,aerobic_37deg,0.20914973115829766,208.8300535636954
1.4924537241458893,1.9174321442842484,1.071410758420825,7.067775238,0.2525015524588525,1.3429183661937714,3.5098136700689793,167.74633363820612,0.4989583054557442,0.2233816841617226,7,,2,FRONTIER,1,0,FALSE,1,57,0.1807,0,Plate PpJE3959_1$8693513b52de46d470ad9398fa39bfc2f7d10780,PpJE3959,aerobic_37deg,0.20752357497416005,192.1229790817015
2.6938916258513927,2.9844087660312653,1.5960582308471205,5.1280957125127316,1.214206761214882,1.0115897804498672,2.400554548949003,146.13424707204103,0.2998965489678085,0.4343188982456922,7,,2,FRONTIER,1,0,FALSE,1,22,0.25,0,Plate PpJE3959_2$a125cef5c93af3784aa0b483b148290aa6ac7331,PpJE3959,aerobic_37deg,0.20504875603754671,170.8972679451108
2.2396020889282227,1.4560267589986324,1.6776778362691402,6.466311581432819,0.4216748988255858,2.130956955254078,2.6607167050242424,218.6493445187807,0.2062760000117123,0.7853036997839808,7,,2,FRONTIER,1,0,FALSE,1,3,0.253,0,Plate PpJE3959_3$a152623478a2ee35d6ced5fe2b262152cd6cd08c,PpJE3959,aerobic_37deg,0.1994219653179191,243.69389104330912
3.107644308358431,1.266276665,0.6424343921244144,3.421341598033905,2.2836918849498034,3.559916064143181,3.4870932288467884,137.86951010115445,0.3984982050023973,0.4969445709139108,7,,2,FRONTIER,1,0,FALSE,1,63,0.243,0,Plate PpJE3959_2$a125cef5c93af3784aa0b483b148290aa6ac7331,PpJE3959,aerobic_37deg,0.1993073908684954,163.5333510185592
2.9282404966652393,3.5042825676500797,1.1668811589479446,8.898069765418768,0.051229338,3.610174321,1.2952149994671345,116.81766924448311,0.4681996088474989,0.361442476,7,,2,FRONTIER,1,0,FALSE,1,6,0.252,0,Plate PpJE3959_3$a152623478a2ee35d6ced5fe2b262152cd6cd08c,PpJE3959,aerobic_37deg,0.19863373620599056,146.10140397539362
3.2202187925577164,3.200806748121977,1.0429030917584896,11.25354341045022,1.1121756792999804,1.6222372129559517,2.5490561984479427,8.081792620941997,0.4735411782748997,0.7211982924491167,7,,2,FRONTIER,1,0,FALSE,1,34,0.246,0,Plate PpJE3959_3$a152623478a2ee35d6ced5fe2b262152cd6cd08c,PpJE3959,aerobic_37deg,0.19390436153441934,40.27747322525829
0.1528993919491768,2.8127509988844395,1.0310056377202272,2.9802041575312614,0.5712360329926014,0.4678652659058571,0.5398085936903954,154.6535703819245,0.036394846,0.4811808476224541,7,,2,FRONTIER,1,0,FALSE,1,12,0.238,0,Plate PpJE3959_3$a152623478a2ee35d6ced5fe2b262152cd6cd08c,PpJE3959,aerobic_37deg,0.18759852863899107,170.7269161543809
0.1528993919491768,2.8127509988844395,1.0310056377202272,2.9802041575312614,0.5712360329926014,0.4678652659058571,0.5398085936903954,154.6535703819245,0.036394846,0.4811808476224541,7,,2,FRONTIER,1,0,FALSE,1,12,0.237,0,Plate PpJE3959_3$a152623478a2ee35d6ced5fe2b262152cd6cd08c,PpJE3959,aerobic_37deg,0.18681029952706255,170.7269161543809
3.794817477464676,3.693545803427696,0.139440931,5.852951768785715,1.9510881300084293,2.198801964521408,0.6172740086913109,36.46555542945862,0.1448759166523814,0.9168866779655218,7,,2,FRONTIER,1,0,FALSE,1,58,0.226,0,Plate PpJE3959_2$a125cef5c93af3784aa0b483b148290aa6ac7331,PpJE3959,aerobic_37deg,0.18536407545794223,62.77523810835555
3.2202187925577164,3.200806748121977,1.0429030917584896,11.25354341045022,1.1121756792999804,1.6222372129559517,2.5490561984479427,8.081792620941997,0.4735411782748997,0.7211982924491167,7,,2,FRONTIER,1,0,FALSE,1,34,0.235,0,Plate PpJE3959_3$a152623478a2ee35d6ced5fe2b262152cd6cd08c,PpJE3959,aerobic_37deg,0.18523384130320547,40.27747322525829
2.446507953107357,3.8048900812864304,1.8310149479657412,0.1720992922782898,2.2028119768947363,0.3436332605779171,2.8100417107343674,30.48293455503881,0.450587984,0.2096951026469469,5,,2,FRONTIER,1,0,FALSE,1,46,0.1586,0,Plate PpJE3959_1$8693513b52de46d470ad9398fa39bfc2f7d10780,PpJE3959,aerobic_37deg,0.18214299386221242,49.754216864705086
0.4810734242200851,3.675947904586792,1.7099609803408384,11.210183970630167,0.6551310047507286,2.9102465212345123,3.652975947,121.48563796654344,0.1964839035645127,0.2832994759082794,7,,2,FRONTIER,1,0,FALSE,1,28,0.222,0,Plate PpJE3959_2$a125cef5c93af3784aa0b483b148290aa6ac7331,PpJE3959,aerobic_37deg,0.1820832953613415,153.26094109844416
2.446507953107357,3.8048900812864304,1.8310149479657412,0.1720992922782898,2.2028119768947363,0.3436332605779171,2.8100417107343674,30.48293455503881,0.450587984,0.2096951026469469,5,,2,FRONTIER,1,0,FALSE,1,46,0.1582,0,Plate PpJE3959_1$8693513b52de46d470ad9398fa39bfc2f7d10780,PpJE3959,aerobic_37deg,0.181683617,49.754216864705086
0.7779237255454063,1.5834601074457169,0.8956448026001453,10.954186007380486,0.620148629,3.198570813983679,1.8275209479033947,142.22861779853702,0.1638883482664823,0.8992926524952054,9,,2,FRONTIER,1,0,FALSE,1,45,0.2279999999999999,0,Plate PpJE3959_3$a152623478a2ee35d6ced5fe2b262152cd6cd08c,PpJE3959,aerobic_37deg,0.17971623751970567,172.14925383310765
1.007757779210806,2.877028301358223,0.058183888,11.934880211949348,2.427175738848746,1.848003938794136,1.3736340887844565,199.78985888883471,0.3578543229959905,0.8010368719696999,7,,2,FRONTIER,1,0,FALSE,1,56,0.2269999999999999,0,Plate PpJE3959_3$a152623478a2ee35d6ced5fe2b262152cd6cd08c,PpJE3959,aerobic_37deg,0.17892800840777712,229.47541403071955
1.007757779210806,2.877028301358223,0.058183888,11.934880211949348,2.427175738848746,1.848003938794136,1.3736340887844565,199.78985888883471,0.3578543229959905,0.8010368719696999,7,,2,FRONTIER,1,0,FALSE,1,56,0.2269999999999999,0,Plate PpJE3959_3$a152623478a2ee35d6ced5fe2b262152cd6cd08c,PpJE3959,aerobic_37deg,0.17892800840777712,229.47541403071955
1.5509047657251358,1.4071188382804394,0.2306850794702768,1.2203581519424915,1.7182426643557849,2.978136070072651,1.5626296401023865,131.66850851848722,0.1389896520413458,0.4188068257644772,7,,2,FRONTIER,1,0,FALSE,1,33,0.218,0,Plate PpJE3959_2$a125cef5c93af3784aa0b483b148290aa6ac7331,PpJE3959,aerobic_37deg,0.17880251526474072,149.8943802062422
2.446507953107357,3.8048900812864304,1.8310149479657412,0.1720992922782898,2.2028119768947363,0.3436332605779171,2.8100417107343674,30.48293455503881,0.450587984,0.2096951026469469,5,,2,FRONTIER,1,0,FALSE,1,46,0.153,0,Plate PpJE3959_1$8693513b52de46d470ad9398fa39bfc2f7d10780,PpJE3959,aerobic_37deg,0.17571171539040667,49.754216864705086
2.5052367821335793,3.300436209887266,0.9920149799436332,6.721496969461441,0.8566657593473792,3.9778751619160175,0.8665426857769489,48.97795524448157,0.1854069153778255,0.4051505532115698,9,,2,FRONTIER,1,0,FALSE,1,54,0.1528,0,Plate PpJE3959_1$8693513b52de46d470ad9398fa39bfc2f7d10780,PpJE3959,aerobic_37deg,0.17548202687355646,77.78878126153722
3.2795005552470684,0.2233911864459514,0.087301753,7.138269424438477,1.413073120638728,1.068684034049511,0.3190259747207165,108.48451312631369,0.3637401238083839,0.2993045998737216,7,,2,FRONTIER,1,0,FALSE,1,47,0.212,0,Plate PpJE3959_2$a125cef5c93af3784aa0b483b148290aa6ac7331,PpJE3959,aerobic_37deg,0.1738813451198396,129.6768038989976
3.2202187925577164,3.200806748121977,1.0429030917584896,11.25354341045022,1.1121756792999804,1.6222372129559517,2.5490561984479427,8.081792620941997,0.4735411782748997,0.7211982924491167,7,,2,FRONTIER,1,0,FALSE,1,34,0.219,0,Plate PpJE3959_3$a152623478a2ee35d6ced5fe2b262152cd6cd08c,PpJE3959,aerobic_37deg,0.17262217551234893,40.27747322525829
2.571475036,0.5439539887011051,0.2113401480019092,10.009358324110508,2.230803342536092,3.073910988867283,3.588720802217722,16.414799261838198,0.3280640826560557,0.6590607222169638,7,,2,FRONTIER,1,0,FALSE,1,11,0.206,0,Plate PpJE3959_2$a125cef5c93af3784aa0b483b148290aa6ac7331,PpJE3959,aerobic_37deg,0.16896017497493848,46.631486697588116
2.805907890200615,1.9623116552829745,0.5164432302117348,0.2455669417977333,1.5333715360611675,1.5474888384342194,0.733152624,237.25963826291263,0.4096971256658435,0.6057252651080489,7,,2,FRONTIER,1,0,FALSE,1,27,0.1462,0,Plate PpJE3959_1$8693513b52de46d470ad9398fa39bfc2f7d10780,PpJE3959,aerobic_37deg,0.1679023058174997,254.61930336989462
2.9282404966652393,3.5042825676500797,1.1668811589479446,8.898069765418768,0.051229338,3.610174321,1.2952149994671345,116.81766924448311,0.4681996088474989,0.361442476,7,,2,FRONTIER,1,0,FALSE,1,6,0.2119999999999999,0,Plate PpJE3959_3$a152623478a2ee35d6ced5fe2b262152cd6cd08c,PpJE3959,aerobic_37deg,0.16710457172884913,146.10140397539362
0.9680758379399776,0.1473227702081203,1.5006569903343916,0.5482395999133587,0.1994935027323663,1.7908327504992485,3.408316273242235,52.88340663537383,0.2901039589196443,0.932136339,7,,2,FRONTIER,1,0,FALSE,1,13,0.1455,0,Plate PpJE3959_1$8693513b52de46d470ad9398fa39bfc2f7d10780,PpJE3959,aerobic_37deg,0.167098396,69.66858465829864
2.0532724298536777,0.7669295519590378,0.7817344274371862,5.059712145477533,0.00735244,0.8482656292617321,0.072200358,117.5801232457161,0.3417715993709862,0.7561320317909122,5,,2,FRONTIER,1,0,FALSE,1,35,0.1432999999999999,0,Plate PpJE3959_1$8693513b52de46d470ad9398fa39bfc2f7d10780,PpJE3959,aerobic_37deg,0.16457182232317163,133.26749385893345
0.8290558382868767,2.324040822684765,0.1822228785604238,8.407529912889004,1.3705066265538337,3.8531548380851746,2.596614625304938,175.09526759386063,0.3339579170569777,0.1610077219083905,7,,2,FRONTIER,1,0,FALSE,1,20,0.207,0,Plate PpJE3959_3$a152623478a2ee35d6ced5fe2b262152cd6cd08c,PpJE3959,aerobic_37deg,0.1631634261692065,202.1533588
1.4924537241458893,1.9174321442842484,1.071410758420825,7.067775238,0.2525015524588525,1.3429183661937714,3.5098136700689793,167.74633363820612,0.4989583054557442,0.2233816841617226,7,,2,FRONTIER,1,0,FALSE,1,57,0.142,0,Plate PpJE3959_1$8693513b52de46d470ad9398fa39bfc2f7d10780,PpJE3959,aerobic_37deg,0.1630788469636454,192.1229790817015
2.0532724298536777,0.7669295519590378,0.7817344274371862,5.059712145477533,0.00735244,0.8482656292617321,0.072200358,117.5801232457161,0.3417715993709862,0.7561320317909122,5,,2,FRONTIER,1,0,FALSE,1,35,0.1407999999999999,0,Plate PpJE3959_1$8693513b52de46d470ad9398fa39bfc2f7d10780,PpJE3959,aerobic_37deg,0.16170071586254406,133.26749385893345
1.3671819604933262,3.615698952227831,0.7374705877155066,2.1637957245111465,1.268375706858933,3.2805962190032005,2.4482412450015545,45.58772197924554,0.3769798018038273,0.9949986422434448,7,,2,FRONTIER,1,0,FALSE,1,40,0.1399999999999999,0,Plate PpJE3959_1$8693513b52de46d470ad9398fa39bfc2f7d10780,PpJE3959,aerobic_37deg,0.16078196179514326,68.84106081910431
0.7218490280210972,2.6211793571710587,1.976228728890419,6.089964945,2.175943043548614,3.734531383961439,3.058551099151373,241.16670177318156,0.05400814,0.070423212,9,,2,FRONTIER,1,0,FALSE,1,36,0.1959999999999999,0,Plate PpJE3959_2$a125cef5c93af3784aa0b483b148290aa6ac7331,PpJE3959,aerobic_37deg,0.16075822473343654,270.66938071046025
1.816586650907993,0.082556702,0.5356722828000784,9.503475744,2.095716402400285,0.3931397199630737,2.738555245101452,98.56853331439196,0.095844015,0.3461622633039951,7,,2,FRONTIER,1,0,FALSE,1,49,0.1367,0,Plate PpJE3959_1$8693513b52de46d470ad9398fa39bfc2f7d10780,PpJE3959,aerobic_37deg,0.15699210126711496,123.17624233989044
0.8290558382868767,2.324040822684765,0.1822228785604238,8.407529912889004,1.3705066265538337,3.8531548380851746,2.596614625304938,175.09526759386063,0.3339579170569777,0.1610077219083905,7,,2,FRONTIER,1,0,FALSE,1,20,0.1979999999999999,0,Plate PpJE3959_3$a152623478a2ee35d6ced5fe2b262152cd6cd08c,PpJE3959,aerobic_37deg,0.15606936416184963,202.1533588
1.816586650907993,0.082556702,0.5356722828000784,9.503475744,2.095716402400285,0.3931397199630737,2.738555245101452,98.56853331439196,0.095844015,0.3461622633039951,7,,2,FRONTIER,1,0,FALSE,1,49,0.1344,0,Plate PpJE3959_1$8693513b52de46d470ad9398fa39bfc2f7d10780,PpJE3959,aerobic_37deg,0.15435068332333762,123.17624233989044
0.8290558382868767,2.324040822684765,0.1822228785604238,8.407529912889004,1.3705066265538337,3.8531548380851746,2.596614625304938,175.09526759386063,0.3339579170569777,0.1610077219083905,7,,2,FRONTIER,1,0,FALSE,1,20,0.191,0,Plate PpJE3959_3$a152623478a2ee35d6ced5fe2b262152cd6cd08c,PpJE3959,aerobic_37deg,0.15055176037834997,202.1533588
2.119999025017023,3.0155723318457603,0.015402649,2.302164014428854,1.748940374236554,0.1937597841024398,3.3480289429426193,88.43471063300967,0.1716998717747628,0.057099829,7,,2,FRONTIER,1,0,FALSE,1,30,0.183,0,Plate PpJE3959_2$a125cef5c93af3784aa0b483b148290aa6ac7331,PpJE3959,aerobic_37deg,0.15009568941948417,108.40737745538354
3.705386396497488,0.7337045520544052,1.246349137276411,0.962363452,0.3770165657624602,2.735276773571968,2.2622217312455177,64.48074593,0.004661235,0.1192378839477896,7,,2,FRONTIER,1,0,FALSE,1,55,0.183,0,Plate PpJE3959_2$a125cef5c93af3784aa0b483b148290aa6ac7331,PpJE3959,aerobic_37deg,0.15009568941948417,83.62696366
1.4924537241458893,1.9174321442842484,1.071410758420825,7.067775238,0.2525015524588525,1.3429183661937714,3.5098136700689793,167.74633363820612,0.4989583054557442,0.2233816841617226,7,,2,FRONTIER,1,0,FALSE,1,57,0.1299,0,Plate PpJE3959_1$8693513b52de46d470ad9398fa39bfc2f7d10780,PpJE3959,aerobic_37deg,0.149182692,192.1229790817015
2.571475036,0.5439539887011051,0.2113401480019092,10.009358324110508,2.230803342536092,3.073910988867283,3.588720802217722,16.414799261838198,0.3280640826560557,0.6590607222169638,7,,2,FRONTIER,1,0,FALSE,1,11,0.181,0,Plate PpJE3959_2$a125cef5c93af3784aa0b483b148290aa6ac7331,PpJE3959,aerobic_37deg,0.14845529937118382,46.631486697588116
1.6174790114164352,2.6858063973486423,0.9409332051873208,3.0419172160327435,0.2748635574243963,2.073653358966112,2.857111617922783,160.38633044809103,0.371551591,0.6414973037317395,9,,2,FRONTIER,1,0,FALSE,1,32,0.1289,0,Plate PpJE3959_1$8693513b52de46d470ad9398fa39bfc2f7d10780,PpJE3959,aerobic_37deg,0.148034249,183.8911437075585
1.625472616404295,1.8069597408175468,0.7132394071668386,5.910083167254925,1.132760690525174,1.7703433632850647,0.9587557315826416,23.253051564097404,0.047502636,0.4439443303272128,7,,2,FRONTIER,1,0,FALSE,1,65,0.1273,0,Plate PpJE3959_1$8693513b52de46d470ad9398fa39bfc2f7d10780,PpJE3959,aerobic_37deg,0.14619674097515536,44.662113247439265
1.1330981478095057,0.5928694196045399,1.6265872288495302,3.302141,0.9442300884984434,3.785317517817021,0.6859539709985256,72.26007618010044,0.2681629401631653,0.041129187,7,,2,FRONTIER,1,0,FALSE,1,41,0.178,0,Plate PpJE3959_2$a125cef5c93af3784aa0b483b148290aa6ac7331,PpJE3959,aerobic_37deg,0.14599471429873326,91.63956568017602
0.6711442209780216,1.3463811203837397,1.1953879911452532,10.266987394541502,1.064714768435806,3.330931529402733,0.2719555906951427,207.13870390318337,0.4427743027918041,0.8634113781154156,7,,2,FRONTIER,1,0,FALSE,1,29,0.185,0,Plate PpJE3959_3$a152623478a2ee35d6ced5fe2b262152cd6cd08c,PpJE3959,aerobic_37deg,0.14582238570677877,233.5923921996728
2.6356489174067974,1.233089692890644,1.3260740917176008,2.603411916643381,2.0264582219533622,1.9151972644031048,1.179342981427908,179.00268966332078,0.1886724852956831,0.6254923176020384,9,,2,FRONTIER,1,0,FALSE,1,43,0.1268,0,Plate PpJE3959_1$8693513b52de46d470ad9398fa39bfc2f7d10780,PpJE3959,aerobic_37deg,0.14562251968302983,201.7360775526613
2.3802086636424065,0.037669443,1.1223711669445038,4.1850132420659065,0.8034786162897944,0.7471548914909363,1.5165587067604065,60.419669607654214,0.061819662,0.9790240693837404,7,,2,FRONTIER,1,0,FALSE,1,19,0.1266999999999999,0,Plate PpJE3959_1$8693513b52de46d470ad9398fa39bfc2f7d10780,PpJE3959,aerobic_37deg,0.14550767542460463,79.25296806916595
3.794817477464676,3.693545803427696,0.139440931,5.852951768785715,1.9510881300084293,2.198801964521408,0.6172740086913109,36.46555542945862,0.1448759166523814,0.9168866779655218,7,,2,FRONTIER,1,0,FALSE,1,58,0.177,0,Plate PpJE3959_2$a125cef5c93af3784aa0b483b148290aa6ac7331,PpJE3959,aerobic_37deg,0.14517451927458305,62.77523810835555
1.7421538420021534,0.8469794392585754,1.368863657,11.626946054399014,1.2902823695912955,0.010843914,3.169303707778454,32.56007516756654,0.25054965,0.3893830301240086,9,,2,FRONTIER,1,0,FALSE,1,1,0.176,0,Plate PpJE3959_2$a125cef5c93af3784aa0b483b148290aa6ac7331,PpJE3959,aerobic_37deg,0.14435432425043287,62.25538083
1.816586650907993,0.082556702,0.5356722828000784,9.503475744,2.095716402400285,0.3931397199630737,2.738555245101452,98.56853331439196,0.095844015,0.3461622633039951,7,,2,FRONTIER,1,0,FALSE,1,49,0.1251,0,Plate PpJE3959_1$8693513b52de46d470ad9398fa39bfc2f7d10780,PpJE3959,aerobic_37deg,0.14367016728980309,123.17624233989044
2.3802086636424065,0.037669443,1.1223711669445038,4.1850132420659065,0.8034786162897944,0.7471548914909363,1.5165587067604065,60.419669607654214,0.061819662,0.9790240693837404,7,,2,FRONTIER,1,0,FALSE,1,19,0.1251,0,Plate PpJE3959_1$8693513b52de46d470ad9398fa39bfc2f7d10780,PpJE3959,aerobic_37deg,0.14367016728980309,79.25296806916595
2.805907890200615,1.9623116552829745,0.5164432302117348,0.2455669417977333,1.5333715360611675,1.5474888384342194,0.733152624,237.25963826291263,0.4096971256658435,0.6057252651080489,7,,2,FRONTIER,1,0,FALSE,1,27,0.1244,0,Plate PpJE3959_1$8693513b52de46d470ad9398fa39bfc2f7d10780,PpJE3959,aerobic_37deg,0.14286625748082737,254.61930336989462
1.191554717719555,3.314204749,1.420026272535324,1.341467421501875,2.0645042625255883,3.1317026503384113,3.8944316022098064,104.57908874377608,0.2194291180931031,0.7716173529624939,5,,2,FRONTIER,1,0,FALSE,1,24,0.123,0,Plate PpJE3959_1$8693513b52de46d470ad9398fa39bfc2f7d10780,PpJE3959,aerobic_37deg,0.14125843786287595,126.92802689038217
1.3671819604933262,3.615698952227831,0.7374705877155066,2.1637957245111465,1.268375706858933,3.2805962190032005,2.4482412450015545,45.58772197924554,0.3769798018038273,0.9949986422434448,7,,2,FRONTIER,1,0,FALSE,1,40,0.1153,0,Plate PpJE3959_1$8693513b52de46d470ad9398fa39bfc2f7d10780,PpJE3959,aerobic_37deg,0.13241542996414307,68.84106081910431
1.191554717719555,3.314204749,1.420026272535324,1.341467421501875,2.0645042625255883,3.1317026503384113,3.8944316022098064,104.57908874377608,0.2194291180931031,0.7716173529624939,5,,2,FRONTIER,1,0,FALSE,1,24,0.1137,0,Plate PpJE3959_1$8693513b52de46d470ad9398fa39bfc2f7d10780,PpJE3959,aerobic_37deg,0.13057792182934144,126.92802689038217
1.758069045841694,3.822442829608917,0.2609712667763233,6.7649250738322735,0.9893089509569108,0.5472581647336483,1.9626789763569832,68.38766043074429,0.3906847,0.59206875,9,,2,FRONTIER,1,0,FALSE,1,16,0.1130999999999999,0,Plate PpJE3959_1$8693513b52de46d470ad9398fa39bfc2f7d10780,PpJE3959,aerobic_37deg,0.1298888562787907,94.47606818890199
3.705386396497488,0.7337045520544052,1.246349137276411,0.962363452,0.3770165657624602,2.735276773571968,2.2622217312455177,64.48074593,0.004661235,0.1192378839477896,7,,2,FRONTIER,1,0,FALSE,1,55,0.1579999999999999,0,Plate PpJE3959_2$a125cef5c93af3784aa0b483b148290aa6ac7331,PpJE3959,aerobic_37deg,0.12959081381572943,83.62696366
1.1330981478095057,0.5928694196045399,1.6265872288495302,3.302141,0.9442300884984434,3.785317517817021,0.6859539709985256,72.26007618010044,0.2681629401631653,0.041129187,7,,2,FRONTIER,1,0,FALSE,1,41,0.157,0,Plate PpJE3959_2$a125cef5c93af3784aa0b483b148290aa6ac7331,PpJE3959,aerobic_37deg,0.12877061879157933,91.63956568017602
2.3802086636424065,0.037669443,1.1223711669445038,4.1850132420659065,0.8034786162897944,0.7471548914909363,1.5165587067604065,60.419669607654214,0.061819662,0.9790240693837404,7,,2,FRONTIER,1,0,FALSE,1,19,0.1117,0,Plate PpJE3959_1$8693513b52de46d470ad9398fa39bfc2f7d10780,PpJE3959,aerobic_37deg,0.12828103666083937,79.25296806916595
1.191554717719555,3.314204749,1.420026272535324,1.341467421501875,2.0645042625255883,3.1317026503384113,3.8944316022098064,104.57908874377608,0.2194291180931031,0.7716173529624939,5,,2,FRONTIER,1,0,FALSE,1,24,0.1085,0,Plate PpJE3959_1$8693513b52de46d470ad9398fa39bfc2f7d10780,PpJE3959,aerobic_37deg,0.12460602039123611,126.92802689038217
0.5322080850601196,3.1872373782098293,0.6114781145006418,4.683331869542599,2.394877024926245,1.2682450488209724,1.7095064856112003,79.55585070885718,0.4312084191478789,0.1039919145405292,7,,2,FRONTIER,1,0,FALSE,1,4,0.148,0,Plate PpJE3959_2$a125cef5c93af3784aa0b483b148290aa6ac7331,PpJE3959,aerobic_37deg,0.12138886357422765,101.4779350492172
3.794817477464676,3.693545803427696,0.139440931,5.852951768785715,1.9510881300084293,2.198801964521408,0.6172740086913109,36.46555542945862,0.1448759166523814,0.9168866779655218,7,,2,FRONTIER,1,0,FALSE,1,58,0.147,0,Plate PpJE3959_2$a125cef5c93af3784aa0b483b148290aa6ac7331,PpJE3959,aerobic_37deg,0.12056866855007746,62.77523810835555
1.007757779210806,2.877028301358223,0.058183888,11.934880211949348,2.427175738848746,1.848003938794136,1.3736340887844565,199.78985888883471,0.3578543229959905,0.8010368719696999,7,,2,FRONTIER,1,0,FALSE,1,56,0.152,0,Plate PpJE3959_3$a152623478a2ee35d6ced5fe2b262152cd6cd08c,PpJE3959,aerobic_37deg,0.11981082501313715,229.47541403071955
1.1330981478095057,0.5928694196045399,1.6265872288495302,3.302141,0.9442300884984434,3.785317517817021,0.6859539709985256,72.26007618010044,0.2681629401631653,0.041129187,7,,2,FRONTIER,1,0,FALSE,1,41,0.141,0,Plate PpJE3959_2$a125cef5c93af3784aa0b483b148290aa6ac7331,PpJE3959,aerobic_37deg,0.11564749840517634,91.63956568017602
1.3671819604933262,3.615698952227831,0.7374705877155066,2.1637957245111465,1.268375706858933,3.2805962190032005,2.4482412450015545,45.58772197924554,0.3769798018038273,0.9949986422434448,7,,2,FRONTIER,1,0,FALSE,1,40,0.0979,0,Plate PpJE3959_1$8693513b52de46d470ad9398fa39bfc2f7d10780,PpJE3959,aerobic_37deg,0.11243252899817525,68.84106081910431
2.805907890200615,1.9623116552829745,0.5164432302117348,0.2455669417977333,1.5333715360611675,1.5474888384342194,0.733152624,237.25963826291263,0.4096971256658435,0.6057252651080489,7,,2,FRONTIER,1,0,FALSE,1,27,0.0976,0,Plate PpJE3959_1$8693513b52de46d470ad9398fa39bfc2f7d10780,PpJE3959,aerobic_37deg,0.11208799622289996,254.61930336989462
0.9680758379399776,0.1473227702081203,1.5006569903343916,0.5482395999133587,0.1994935027323663,1.7908327504992485,3.408316273242235,52.88340663537383,0.2901039589196443,0.932136339,7,,2,FRONTIER,1,0,FALSE,1,13,0.0968,0,Plate PpJE3959_1$8693513b52de46d470ad9398fa39bfc2f7d10780,PpJE3959,aerobic_37deg,0.11116924215549913,69.66858465829864
0.3468237705528736,1.8526656068861485,0.1066459622234106,4.114884417504072,2.140475169289857,0.9730483517050744,2.340175189077854,243.21566428989172,0.1775932423770427,0.5588665828108788,7,,2,FRONTIER,1,0,FALSE,1,5,0.0935,0,Plate PpJE3959_1$8693513b52de46d470ad9398fa39bfc2f7d10780,PpJE3959,aerobic_37deg,0.10737938162747075,262.82684258231893
3.2795005552470684,0.2233911864459514,0.087301753,7.138269424438477,1.413073120638728,1.068684034049511,0.3190259747207165,108.48451312631369,0.3637401238083839,0.2993045998737216,7,,2,FRONTIER,1,0,FALSE,1,47,0.129,0,Plate PpJE3959_2$a125cef5c93af3784aa0b483b148290aa6ac7331,PpJE3959,aerobic_37deg,0.10580515811537411,129.6768038989976
1.5509047657251358,1.4071188382804394,0.2306850794702768,1.2203581519424915,1.7182426643557849,2.978136070072651,1.5626296401023865,131.66850851848722,0.1389896520413458,0.4188068257644772,7,,2,FRONTIER,1,0,FALSE,1,33,0.128,0,Plate PpJE3959_2$a125cef5c93af3784aa0b483b148290aa6ac7331,PpJE3959,aerobic_37deg,0.10498496309122392,149.8943802062422
3.5171185061335564,1.0439354442059994,0.3533215876668691,11.555718328803778,0.1314560160972178,0.2679836638271808,0.9707024842500688,224.1374885197729,0.3847911651246249,0.086397654,9,,2,FRONTIER,1,0,FALSE,1,23,0.133,0,Plate PpJE3959_3$a152623478a2ee35d6ced5fe2b262152cd6cd08c,PpJE3959,aerobic_37deg,0.10483447188649501,251.4489133702591
0.9680758379399776,0.1473227702081203,1.5006569903343916,0.5482395999133587,0.1994935027323663,1.7908327504992485,3.408316273242235,52.88340663537383,0.2901039589196443,0.932136339,7,,2,FRONTIER,1,0,FALSE,1,13,0.0909,0,Plate PpJE3959_1$8693513b52de46d470ad9398fa39bfc2f7d10780,PpJE3959,aerobic_37deg,0.10439343090841809,69.66858465829864
0.3468237705528736,1.8526656068861485,0.1066459622234106,4.114884417504072,2.140475169289857,0.9730483517050744,2.340175189077854,243.21566428989172,0.1775932423770427,0.5588665828108788,7,,2,FRONTIER,1,0,FALSE,1,5,0.0896,0,Plate PpJE3959_1$8693513b52de46d470ad9398fa39bfc2f7d10780,PpJE3959,aerobic_37deg,0.10290045554889175,262.82684258231893
2.0532724298536777,0.7669295519590378,0.7817344274371862,5.059712145477533,0.00735244,0.8482656292617321,0.072200358,117.5801232457161,0.3417715993709862,0.7561320317909122,5,,2,FRONTIER,1,0,FALSE,1,35,0.0879,0,Plate PpJE3959_1$8693513b52de46d470ad9398fa39bfc2f7d10780,PpJE3959,aerobic_37deg,0.10094810315566502,133.26749385893345
2.8645777851343155,2.1951291635632515,0.3119400385767221,4.491436690092087,0.4572956962510943,1.3929124437272549,3.9406160227954383,203.2336697448045,0.079761209,0.3285986101254821,9,,2,FRONTIER,1,0,FALSE,1,38,0.0842,0,Plate PpJE3959_1$8693513b52de46d470ad9398fa39bfc2f7d10780,PpJE3959,aerobic_37deg,0.096698866,228.29593740403652
1.4259405136108398,2.177568905055523,1.850237574,9.570440154522656,1.6606516321189702,1.7478741370141506,0.7885887511074543,133.96450295113027,0.012472712,0.961430342,5,,2,FRONTIER,1,0,FALSE,1,8,0.117,0,Plate PpJE3959_2$a125cef5c93af3784aa0b483b148290aa6ac7331,PpJE3959,aerobic_37deg,0.095962818,159.15970767242834
2.119999025017023,3.0155723318457603,0.015402649,2.302164014428854,1.748940374236554,0.1937597841024398,3.3480289429426193,88.43471063300967,0.1716998717747628,0.057099829,7,,2,FRONTIER,1,0,FALSE,1,30,0.117,0,Plate PpJE3959_2$a125cef5c93af3784aa0b483b148290aa6ac7331,PpJE3959,aerobic_37deg,0.095962818,108.40737745538354
2.8645777851343155,2.1951291635632515,0.3119400385767221,4.491436690092087,0.4572956962510943,1.3929124437272549,3.9406160227954383,203.2336697448045,0.079761209,0.3285986101254821,9,,2,FRONTIER,1,0,FALSE,1,38,0.0825,0,Plate PpJE3959_1$8693513b52de46d470ad9398fa39bfc2f7d10780,PpJE3959,aerobic_37deg,0.094746513,228.29593740403652
2.2606742046773434,2.495698180049658,0.6948023661971092,10.57792055234313,1.9773932988755405,2.6849644109606743,0.4531540349125862,180.38026592694223,0.066061795,0.2391187939792871,7,,2,FRONTIER,1,0,FALSE,1,14,0.109,0,Plate PpJE3959_2$a125cef5c93af3784aa0b483b148290aa6ac7331,PpJE3959,aerobic_37deg,0.089401258,208.8300535636954
1.5509047657251358,1.4071188382804394,0.2306850794702768,1.2203581519424915,1.7182426643557849,2.978136070072651,1.5626296401023865,131.66850851848722,0.1389896520413458,0.4188068257644772,7,,2,FRONTIER,1,0,FALSE,1,33,0.109,0,Plate PpJE3959_2$a125cef5c93af3784aa0b483b148290aa6ac7331,PpJE3959,aerobic_37deg,0.089401258,149.8943802062422
3.0335322208702564,2.513721913099289,0.4359172787517309,0.8468989804387093,0.8794518699869514,3.4059368781745434,0.218047235,171.65336455218494,0.1036553573794663,0.6883547399193048,5,,2,FRONTIER,1,0,FALSE,1,2,0.0769,0,Plate PpJE3959_1$8693513b52de46d470ad9398fa39bfc2f7d10780,PpJE3959,aerobic_37deg,0.088315235,188.77888102596626
2.8645777851343155,2.1951291635632515,0.3119400385767221,4.491436690092087,0.4572956962510943,1.3929124437272549,3.9406160227954383,203.2336697448045,0.079761209,0.3285986101254821,9,,2,FRONTIER,1,0,FALSE,1,38,0.0767,0,Plate PpJE3959_1$8693513b52de46d470ad9398fa39bfc2f7d10780,PpJE3959,aerobic_37deg,0.088085546,228.29593740403652
3.2795005552470684,0.2233911864459514,0.087301753,7.138269424438477,1.413073120638728,1.068684034049511,0.3190259747207165,108.48451312631369,0.3637401238083839,0.2993045998737216,7,,2,FRONTIER,1,0,FALSE,1,47,0.107,0,Plate PpJE3959_2$a125cef5c93af3784aa0b483b148290aa6ac7331,PpJE3959,aerobic_37deg,0.087760868,129.6768038989976
2.2606742046773434,2.495698180049658,0.6948023661971092,10.57792055234313,1.9773932988755405,2.6849644109606743,0.4531540349125862,180.38026592694223,0.066061795,0.2391187939792871,7,,2,FRONTIER,1,0,FALSE,1,14,0.106,0,Plate PpJE3959_2$a125cef5c93af3784aa0b483b148290aa6ac7331,PpJE3959,aerobic_37deg,0.086940673,208.8300535636954
0.018718462,0.6536076068878174,0.6616646442562342,6.351138453930616,1.584625889081508,2.4056756645441055,1.4767486602067947,26.57599304802716,0.087572628,0.7371994787827134,7,,2,FRONTIER,1,0,FALSE,1,21,0.0744,0,Plate PpJE3959_1$8693513b52de46d470ad9398fa39bfc2f7d10780,PpJE3959,aerobic_37deg,0.085444128,47.552944536320865
0.3468237705528736,1.8526656068861485,0.1066459622234106,4.114884417504072,2.140475169289857,0.9730483517050744,2.340175189077854,243.21566428989172,0.1775932423770427,0.5588665828108788,7,,2,FRONTIER,1,0,FALSE,1,5,0.0739,0,Plate PpJE3959_1$8693513b52de46d470ad9398fa39bfc2f7d10780,PpJE3959,aerobic_37deg,0.084869907,262.82684258231893
0.6711442209780216,1.3463811203837397,1.1953879911452532,10.266987394541502,1.064714768435806,3.330931529402733,0.2719555906951427,207.13870390318337,0.4427743027918041,0.8634113781154156,7,,2,FRONTIER,1,0,FALSE,1,29,0.106,0,Plate PpJE3959_3$a152623478a2ee35d6ced5fe2b262152cd6cd08c,PpJE3959,aerobic_37deg,0.083552286,233.5923921996728
0.5322080850601196,3.1872373782098293,0.6114781145006418,4.683331869542599,2.394877024926245,1.2682450488209724,1.7095064856112003,79.55585070885718,0.4312084191478789,0.1039919145405292,7,,2,FRONTIER,1,0,FALSE,1,4,0.101,0,Plate PpJE3959_2$a125cef5c93af3784aa0b483b148290aa6ac7331,PpJE3959,aerobic_37deg,0.082839697,101.4779350492172
3.0335322208702564,2.513721913099289,0.4359172787517309,0.8468989804387093,0.8794518699869514,3.4059368781745434,0.218047235,171.65336455218494,0.1036553573794663,0.6883547399193048,5,,2,FRONTIER,1,0,FALSE,1,2,0.0705,0,Plate PpJE3959_1$8693513b52de46d470ad9398fa39bfc2f7d10780,PpJE3959,aerobic_37deg,0.080965202,188.77888102596626
0.018718462,0.6536076068878174,0.6616646442562342,6.351138453930616,1.584625889081508,2.4056756645441055,1.4767486602067947,26.57599304802716,0.087572628,0.7371994787827134,7,,2,FRONTIER,1,0,FALSE,1,21,0.0675,0,Plate PpJE3959_1$8693513b52de46d470ad9398fa39bfc2f7d10780,PpJE3959,aerobic_37deg,0.077519874,47.552944536320865
2.119999025017023,3.0155723318457603,0.015402649,2.302164014428854,1.748940374236554,0.1937597841024398,3.3480289429426193,88.43471063300967,0.1716998717747628,0.057099829,7,,2,FRONTIER,1,0,FALSE,1,30,0.092,0,Plate PpJE3959_2$a125cef5c93af3784aa0b483b148290aa6ac7331,PpJE3959,aerobic_37deg,0.075457942,108.40737745538354
0.7218490280210972,2.6211793571710587,1.976228728890419,6.089964945,2.175943043548614,3.734531383961439,3.058551099151373,241.16670177318156,0.05400814,0.070423212,9,,2,FRONTIER,1,0,FALSE,1,36,0.087,0,Plate PpJE3959_2$a125cef5c93af3784aa0b483b148290aa6ac7331,PpJE3959,aerobic_37deg,0.071356967,270.66938071046025
3.0335322208702564,2.513721913099289,0.4359172787517309,0.8468989804387093,0.8794518699869514,3.4059368781745434,0.218047235,171.65336455218494,0.1036553573794663,0.6883547399193048,5,,2,FRONTIER,1,0,FALSE,1,2,0.061,0,Plate PpJE3959_1$8693513b52de46d470ad9398fa39bfc2f7d10780,PpJE3959,aerobic_37deg,0.070054998,188.77888102596626
3.705386396497488,0.7337045520544052,1.246349137276411,0.962363452,0.3770165657624602,2.735276773571968,2.2622217312455177,64.48074593,0.004661235,0.1192378839477896,7,,2,FRONTIER,1,0,FALSE,1,55,0.083,0,Plate PpJE3959_2$a125cef5c93af3784aa0b483b148290aa6ac7331,PpJE3959,aerobic_37deg,0.068076187,83.62696366
0.018718462,0.6536076068878174,0.6616646442562342,6.351138453930616,1.584625889081508,2.4056756645441055,1.4767486602067947,26.57599304802716,0.087572628,0.7371994787827134,7,,2,FRONTIER,1,0,FALSE,1,21,0.0573,0,Plate PpJE3959_1$8693513b52de46d470ad9398fa39bfc2f7d10780,PpJE3959,aerobic_37deg,0.06580576,47.552944536320865
0.7218490280210972,2.6211793571710587,1.976228728890419,6.089964945,2.175943043548614,3.734531383961439,3.058551099151373,241.16670177318156,0.05400814,0.070423212,9,,2,FRONTIER,1,0,FALSE,1,36,0.073,0,Plate PpJE3959_2$a125cef5c93af3784aa0b483b148290aa6ac7331,PpJE3959,aerobic_37deg,0.059874236762963634,270.66938071046025
0.5322080850601196,3.1872373782098293,0.6114781145006418,4.683331869542599,2.394877024926245,1.2682450488209724,1.7095064856112003,79.55585070885718,0.4312084191478789,0.1039919145405292,7,,2,FRONTIER,1,0,FALSE,1,4,0.073,0,Plate PpJE3959_2$a125cef5c93af3784aa0b483b148290aa6ac7331,PpJE3959,aerobic_37deg,0.059874236762963634,101.4779350492172
0.296179999,2.1167255453765392,0.8150017596781254,0.6161311157047749,1.0251076496206224,0.068914417,1.1111820563673973,214.74377112463117,0.3202525423839688,0.2504600957036018,5,,2,FRONTIER,1,0,FALSE,1,60,0.053,0,Plate PpJE3959_2$a125cef5c93af3784aa0b483b148290aa6ac7331,PpJE3959,aerobic_37deg,0.043470336,226.36372630530968
0.296179999,2.1167255453765392,0.8150017596781254,0.6161311157047749,1.0251076496206224,0.068914417,1.1111820563673973,214.74377112463117,0.3202525423839688,0.2504600957036018,5,,2,FRONTIER,1,0,FALSE,1,60,0.049,0,Plate PpJE3959_2$a125cef5c93af3784aa0b483b148290aa6ac7331,PpJE3959,aerobic_37deg,0.040189556183359156,226.36372630530968
0.296179999,2.1167255453765392,0.8150017596781254,0.6161311157047749,1.0251076496206224,0.068914417,1.1111820563673973,214.74377112463117,0.3202525423839688,0.2504600957036018,5,,2,FRONTIER,1,0,FALSE,1,60,0.046,0,Plate PpJE3959_2$a125cef5c93af3784aa0b483b148290aa6ac7331,PpJE3959,aerobic_37deg,0.037728971110908595,226.36372630530968
2.180871158838272,2.6995826847851276,1.400674445554614,9.896216869354248,1.493917266,2.786067444831133,1.883902497589588,247.1230230294168,0.2822925536893308,0.023535701,5,,2,FRONTIER,1,0,FALSE,1,62,0.0166,0,Plate PpJE3959_1$8693513b52de46d470ad9398fa39bfc2f7d10780,PpJE3959,aerobic_37deg,0.019064147,274.7700836514123
0.093043875,3.378832258284092,0.38494923,10.386025417596102,0.1716549857519567,2.5601738803088665,2.1931137144565582,56.51451345,0.4175106738694012,0.4520090008154511,5,,2,FRONTIER,1,0,FALSE,1,44,0.013,0,Plate PpJE3959_2$a125cef5c93af3784aa0b483b148290aa6ac7331,PpJE3959,aerobic_37deg,0.010662535313952429,81.55182648
2.180871158838272,2.6995826847851276,1.400674445554614,9.896216869354248,1.493917266,2.786067444831133,1.883902497589588,247.1230230294168,0.2822925536893308,0.023535701,5,,2,FRONTIER,1,0,FALSE,1,62,0.0073,0,Plate PpJE3959_1$8693513b52de46d470ad9398fa39bfc2f7d10780,PpJE3959,aerobic_37deg,0.008383631,274.7700836514123
3.5171185061335564,1.0439354442059994,0.3533215876668691,11.555718328803778,0.1314560160972178,0.2679836638271808,0.9707024842500688,224.1374885197729,0.3847911651246249,0.086397654,9,,2,FRONTIER,1,0,FALSE,1,23,0.009,0,Plate PpJE3959_3$a152623478a2ee35d6ced5fe2b262152cd6cd08c,PpJE3959,aerobic_37deg,0.007094062,251.4489133702591
2.3188558779656887,1.7238751538097858,0.4772989545017481,8.778379474,1.1882013850845397,2.2808228470385075,3.247592143714428,150.74859210290015,0.4233970129862427,0.9461845103651284,5,,2,FRONTIER,1,0,FALSE,1,51,0.0033,0,Plate PpJE3959_1$8693513b52de46d470ad9398fa39bfc2f7d10780,PpJE3959,aerobic_37deg,0.003789861,177.13319946220145
0.093043875,3.378832258284092,0.38494923,10.386025417596102,0.1716549857519567,2.5601738803088665,2.1931137144565582,56.51451345,0.4175106738694012,0.4520090008154511,5,,2,FRONTIER,1,0,FALSE,1,44,0.004,0,Plate PpJE3959_2$a125cef5c93af3784aa0b483b148290aa6ac7331,PpJE3959,aerobic_37deg,0.00328078,81.55182648
1.4259405136108398,2.177568905055523,1.850237574,9.570440154522656,1.6606516321189702,1.7478741370141506,0.7885887511074543,133.96450295113027,0.012472712,0.961430342,5,,2,FRONTIER,1,0,FALSE,1,8,0.004,0,Plate PpJE3959_2$a125cef5c93af3784aa0b483b148290aa6ac7331,PpJE3959,aerobic_37deg,0.00328078,159.15970767242834
2.3188558779656887,1.7238751538097858,0.4772989545017481,8.778379474,1.1882013850845397,2.2808228470385075,3.247592143714428,150.74859210290015,0.4233970129862427,0.9461845103651284,5,,2,FRONTIER,1,0,FALSE,1,51,0.0022,0,Plate PpJE3959_1$8693513b52de46d470ad9398fa39bfc2f7d10780,PpJE3959,aerobic_37deg,0.002526574,177.13319946220145
3.4666830375790596,1.5385055243968964,1.4501130748540163,5.732311662,1.829817898,3.910961892455816,2.917795915156603,195.8842547610402,0.2448542304337024,0.2657364783808589,5,,2,FRONTIER,1,0,FALSE,1,15,0.003,0,Plate PpJE3959_3$a152623478a2ee35d6ced5fe2b262152cd6cd08c,PpJE3959,aerobic_37deg,0.002364687,222.2410344746895
0.2040925398468971,1.0926743559539318,1.7968930304050446,4.757772222161293,1.3443489978089929,0.6229833848774433,3.755175628,184.28726610727608,0.4603880695067346,0.7036350527778268,5,,2,FRONTIER,1,0,FALSE,1,53,0.002,0,Plate PpJE3959_3$a152623478a2ee35d6ced5fe2b262152cd6cd08c,PpJE3959,aerobic_37deg,0.001576458,204.0252293883823
3.4666830375790596,1.5385055243968964,1.4501130748540163,5.732311662,1.829817898,3.910961892455816,2.917795915156603,195.8842547610402,0.2448542304337024,0.2657364783808589,5,,2,FRONTIER,1,0,FALSE,1,15,0.002,0,Plate PpJE3959_3$a152623478a2ee35d6ced5fe2b262152cd6cd08c,PpJE3959,aerobic_37deg,0.001576458,222.2410344746895
1.3081761337816715,0.3524094186723232,0.4653938747942447,5.4735842272639275,0.4903560876846313,3.685195271,1.2260154448449612,11.98864378966391,0.1095493854954838,0.194213712,5,,2,FRONTIER,1,0,FALSE,1,25,0.001,0,Plate PpJE3959_2$a125cef5c93af3784aa0b483b148290aa6ac7331,PpJE3959,aerobic_37deg,0.000820195,30.293537344783545
1.0738436840474606,1.1530322954058647,0.7697134837508202,7.708098761737347,0.7359751872718334,1.194017123430967,2.0811413563787937,232.9024374485016,0.1526873935945332,0.008285932,5,,2,FRONTIER,1,0,FALSE,1,9,0.001,0,Plate PpJE3959_3$a152623478a2ee35d6ced5fe2b262152cd6cd08c,PpJE3959,aerobic_37deg,0.000788229,252.77923266636208
3.4666830375790596,1.5385055243968964,1.4501130748540163,5.732311662,1.829817898,3.910961892455816,2.917795915156603,195.8842547610402,0.2448542304337024,0.2657364783808589,5,,2,FRONTIER,1,0,FALSE,1,15,0.001,0,Plate PpJE3959_3$a152623478a2ee35d6ced5fe2b262152cd6cd08c,PpJE3959,aerobic_37deg,0.000788229,222.2410344746895
0.2040925398468971,1.0926743559539318,1.7968930304050446,4.757772222161293,1.3443489978089929,0.6229833848774433,3.755175628,184.28726610727608,0.4603880695067346,0.7036350527778268,5,,2,FRONTIER,1,0,FALSE,1,53,0.001,0,Plate PpJE3959_3$a152623478a2ee35d6ced5fe2b262152cd6cd08c,PpJE3959,aerobic_37deg,0.000788229,204.0252293883823
2.3188558779656887,1.7238751538097858,0.4772989545017481,8.778379474,1.1882013850845397,2.2808228470385075,3.247592143714428,150.74859210290015,0.4233970129862427,0.9461845103651284,5,,2,FRONTIER,1,0,FALSE,1,51,9.9999999999989e-05,0,Plate PpJE3959_1$8693513b52de46d470ad9398fa39bfc2f7d10780,PpJE3959,aerobic_37deg,0.000114844,177.13319946220145
1.0738436840474606,1.1530322954058647,0.7697134837508202,7.708098761737347,0.7359751872718334,1.194017123430967,2.0811413563787937,232.9024374485016,0.1526873935945332,0.008285932,5,,2,FRONTIER,1,0,FALSE,1,9,0,0,Plate PpJE3959_3$a152623478a2ee35d6ced5fe2b262152cd6cd08c,PpJE3959,aerobic_37deg,0,252.77923266636208
1.0738436840474606,1.1530322954058647,0.7697134837508202,7.708098761737347,0.7359751872718334,1.194017123430967,2.0811413563787937,232.9024374485016,0.1526873935945332,0.008285932,5,,2,FRONTIER,1,0,FALSE,1,9,0,0,Plate PpJE3959_3$a152623478a2ee35d6ced5fe2b262152cd6cd08c,PpJE3959,aerobic_37deg,0,252.77923266636208
0.2040925398468971,1.0926743559539318,1.7968930304050446,4.757772222161293,1.3443489978089929,0.6229833848774433,3.755175628,184.28726610727608,0.4603880695067346,0.7036350527778268,5,,2,FRONTIER,1,0,FALSE,1,53,0,0,Plate PpJE3959_3$a152623478a2ee35d6ced5fe2b262152cd6cd08c,PpJE3959,aerobic_37deg,0,204.0252293883823
0.4071751981973648,0.4165515080094337,1.492901947,8.521483853459358,2.3511523799970746,2.006717260926962,0.9230153113603592,92.34224726,0.3077100962400436,0.5294431895017624,5,,2,FRONTIER,1,0,FALSE,1,37,0,0,Plate PpJE3959_3$a152623478a2ee35d6ced5fe2b262152cd6cd08c,PpJE3959,aerobic_37deg,0,114.29839800018817
0.4071751981973648,0.4165515080094337,1.492901947,8.521483853459358,2.3511523799970746,2.006717260926962,0.9230153113603592,92.34224726,0.3077100962400436,0.5294431895017624,5,,2,FRONTIER,1,0,FALSE,1,37,0,0,Plate PpJE3959_3$a152623478a2ee35d6ced5fe2b262152cd6cd08c,PpJE3959,aerobic_37deg,0,114.29839800018817
0.4071751981973648,0.4165515080094337,1.492901947,8.521483853459358,2.3511523799970746,2.006717260926962,0.9230153113603592,92.34224726,0.3077100962400436,0.5294431895017624,5,,2,FRONTIER,1,0,FALSE,1,37,0,0,Plate PpJE3959_3$a152623478a2ee35d6ced5fe2b262152cd6cd08c,PpJE3959,aerobic_37deg,0,114.29839800018817
3.330419283360243,3.9945350028574462,0.8660847339779139,9.123845704,0.3456515772268176,1.9732754565775392,3.1046215556561947,76.16752432659268,0.1311760256066918,0.5139312548562884,5,,2,FRONTIER,1,0,FALSE,1,18,0,0,Plate PpJE3959_3$a152623478a2ee35d6ced5fe2b262152cd6cd08c,PpJE3959,aerobic_37deg,0,104.55106492061168
3.330419283360243,3.9945350028574462,0.8660847339779139,9.123845704,0.3456515772268176,1.9732754565775392,3.1046215556561947,76.16752432659268,0.1311760256066918,0.5139312548562884,5,,2,FRONTIER,1,0,FALSE,1,18,0,0,Plate PpJE3959_3$a152623478a2ee35d6ced5fe2b262152cd6cd08c,PpJE3959,aerobic_37deg,0,104.55106492061168
3.1698494404554367,0.9560833312571048,1.7542324494570494,8.015532609075308,1.8965467694215477,1.4686147160828114,1.780962448567152,41.68265429325402,0.022265227,0.4675248730927706,5,,2,FRONTIER,1,0,FALSE,1,31,0,0,Plate PpJE3959_3$a152623478a2ee35d6ced5fe2b262152cd6cd08c,PpJE3959,aerobic_37deg,0,66.21426615770906
3.1698494404554367,0.9560833312571048,1.7542324494570494,8.015532609075308,1.8965467694215477,1.4686147160828114,1.780962448567152,41.68265429325402,0.022265227,0.4675248730927706,5,,2,FRONTIER,1,0,FALSE,1,31,0,0,Plate PpJE3959_3$a152623478a2ee35d6ced5fe2b262152cd6cd08c,PpJE3959,aerobic_37deg,0,66.21426615770906
1.3081761337816715,0.3524094186723232,0.4653938747942447,5.4735842272639275,0.4903560876846313,3.685195271,1.2260154448449612,11.98864378966391,0.1095493854954838,0.194213712,5,,2,FRONTIER,1,0,FALSE,1,25,0,0,Plate PpJE3959_2$a125cef5c93af3784aa0b483b148290aa6ac7331,PpJE3959,aerobic_37deg,0,30.293537344783545
1.3081761337816715,0.3524094186723232,0.4653938747942447,5.4735842272639275,0.4903560876846313,3.685195271,1.2260154448449612,11.98864378966391,0.1095493854954838,0.194213712,5,,2,FRONTIER,1,0,FALSE,1,25,0,0,Plate PpJE3959_2$a125cef5c93af3784aa0b483b148290aa6ac7331,PpJE3959,aerobic_37deg,0,30.293537344783545
3.1698494404554367,0.9560833312571048,1.7542324494570494,8.015532609075308,1.8965467694215477,1.4686147160828114,1.780962448567152,41.68265429325402,0.022265227,0.4675248730927706,5,,2,FRONTIER,1,0,FALSE,1,31,-0.001,1,Plate PpJE3959_3$a152623478a2ee35d6ced5fe2b262152cd6cd08c,PpJE3959,aerobic_37deg,-0.000788229,66.21426615770906
3.330419283360243,3.9945350028574462,0.8660847339779139,9.123845704,0.3456515772268176,1.9732754565775392,3.1046215556561947,76.16752432659268,0.1311760256066918,0.5139312548562884,5,,2,FRONTIER,1,0,FALSE,1,18,-0.001,1,Plate PpJE3959_3$a152623478a2ee35d6ced5fe2b262152cd6cd08c,PpJE3959,aerobic_37deg,-0.000788229,104.55106492061168
1.4259405136108398,2.177568905055523,1.850237574,9.570440154522656,1.6606516321189702,1.7478741370141506,0.7885887511074543,133.96450295113027,0.012472712,0.961430342,5,,2,FRONTIER,1,0,FALSE,1,8,-0.001,1,Plate PpJE3959_2$a125cef5c93af3784aa0b483b148290aa6ac7331,PpJE3959,aerobic_37deg,-0.000820195,159.15970767242834
0.093043875,3.378832258284092,0.38494923,10.386025417596102,0.1716549857519567,2.5601738803088665,2.1931137144565582,56.51451345,0.4175106738694012,0.4520090008154511,5,,2,FRONTIER,1,0,FALSE,1,44,-0.001,1,Plate PpJE3959_2$a125cef5c93af3784aa0b483b148290aa6ac7331,PpJE3959,aerobic_37deg,-0.000820195,81.55182648
2.180871158838272,2.6995826847851276,1.400674445554614,9.896216869354248,1.493917266,2.786067444831133,1.883902497589588,247.1230230294168,0.2822925536893308,0.023535701,5,,2,FRONTIER,1,0,FALSE,1,62,-0.0016,1,Plate PpJE3959_1$8693513b52de46d470ad9398fa39bfc2f7d10780,PpJE3959,aerobic_37deg,-0.001837508,274.7700836514123