d_glucose,sodium_citrate,sodium_octanoate,sodium_acetate,sodium_benzoate,d_xylose,l_arabinose,sodium_chloride,urea,ammonium_chloride,pH,predicted_mean,predicted_std,acquisition_score,batch_rank
3.2111376263201237,1.2221812270581722,1.9008507076650858,7.327312219887972,2.4186221649870276,3.9264692775905132,0.10169027000665665,200.48159919679165,0.47209457680583,0.09265408664941788,9.0,0.31946332774609665,0.10967202459793052,0.00013283043422774904,1
2.1011103577911854,1.3662176579236984,1.6745649762451649,1.020444005727768,0.5655784043483436,3.1823948360979557,2.8584252446889877,249.11481398157775,0.47368832444772124,0.13423514645546675,9.0,0.28879652437602327,0.11492747913937154,8.621884890580177e-05,2
0.9691101498901844,0.2697146385908127,0.5905520468950272,0.4996664710342884,1.472020959481597,1.197599247097969,3.8512434102594852,59.08338469453156,0.13460186449810863,0.13190684281289577,9.0,0.26864781248679437,0.11287730021500908,3.827312317797234e-05,3
1.9402059391140938,3.807861503213644,0.6557795628905296,2.1556210443377495,0.251854679081589,3.0442228093743324,3.6614602878689766,190.2764900587499,0.0517805409617722,0.13051277492195368,9.0,0.2607443347820508,0.1127355397248864,2.9305275198505617e-05,4
2.035734910517931,0.6092608459293842,1.3658789806067944,11.420688070356846,2.2114078421145678,0.8844919018447399,3.924170110374689,19.293371820822358,0.30981159023940563,0.1349447276443243,9.0,0.2838814679973774,0.09680621375009152,9.0659996691138e-06,5
1.3736297264695168,2.8073887825012207,1.6387851648032665,0.3756985478103161,2.039571648929268,3.3974457941949368,2.2962817884981632,200.5050592124462,0.01412207167595625,0.1460422733798623,9.0,0.23577566963026322,0.10646637270215349,5.63174885235308e-06,6
0.21699534729123116,3.0411226488649845,1.9178246278315783,0.23985769227147102,0.9133527311496437,0.056651294231414795,0.1078791469335556,192.51926033757627,0.22261497098952532,0.9018456973135471,7.0,0.3143405544501077,0.08472840401187544,4.909520649252108e-06,7
3.0292365327477455,3.5783827155828476,1.8679414745420218,5.566027745604515,1.6444302769377828,0.14618374034762383,0.17671404033899307,76.50829013437033,0.4860959234647453,0.9723207140341401,5.0,0.20701899272229,0.1115380359772655,3.976853835354081e-06,8
1.0206375792622566,1.5760695151984692,0.6427090000361204,0.7926708608865738,0.4632123466581106,3.1098101288080215,0.3140265718102455,34.323192900046706,0.28166715428233147,0.19222514424473047,9.0,0.27844189796337737,0.09158439507975973,3.141889137257814e-06,9
2.1373118571937084,3.528035655617714,0.7030456811189651,10.998312883079052,0.4572101216763258,2.8860203437507153,0.868937436491251,3.4337921533733606,0.10138587420806289,0.13200547359883785,9.0,0.24232657375264213,0.10069292609403596,3.052161560585633e-06,10
2.4534941390156746,1.8715820014476776,1.9736987687647343,10.946590192615986,0.33926447154954076,0.1582885906100273,0.06366079673171043,117.16868635267019,0.43772209296002984,0.36981411185115576,7.0,0.3229584512772748,0.07497789108859451,1.063113181905664e-06,11
1.8312711343169212,0.8911684192717075,1.406990734860301,1.1289754249155521,2.353732765186578,0.054401569068431854,3.0022843815386295,90.15893377363682,0.4963396261446178,0.2661551907658577,9.0,0.3210588156953179,0.07535828592529309,1.0421946835272012e-06,12
0.4419509172439575,3.876896135509014,1.0004975832998753,10.749136067926884,2.3577376711182296,0.7977095693349838,0.034940410405397415,109.50793023221195,0.4780534920282662,0.9777319747954607,7.0,0.2911069899740811,0.08191313407876769,8.829801511439765e-07,13
1.9087392874062061,3.63652977719903,1.8670015148818493,9.610878087580204,0.17234833212569356,1.7761517316102982,0.864413645118475,234.05098309740424,0.4679800230078399,0.19180079828947783,9.0,0.27583510755127255,0.0855805148466934,8.79190789407618e-07,14
0.3743473067879677,0.9354003220796585,0.09473780542612076,1.9577512219548225,1.3705808646045625,0.36432455852627754,0.4694761708378792,236.98508576489985,0.3756275628693402,0.20863299909979105,9.0,0.2459576246448842,0.09238911574979505,8.155268269068248e-07,15
1.9255575202405453,0.4761200062930584,1.2899288199841976,10.001064844429493,0.7284014206379652,3.6885934360325336,1.6309251189231873,150.03358875401318,0.017018744722008705,0.1627825265750289,9.0,0.2399275337371728,0.09380431069738346,8.112489319828281e-07,16
0.4017050564289093,0.13016248121857643,1.7895007953047752,0.39837897196412086,2.2924908553250134,2.449237499386072,0.19785995036363602,82.85340247675776,0.09142564749345183,0.11837764084339142,9.0,0.3019334203395282,0.07890121393387484,8.075776592929286e-07,17
3.787864588201046,3.6852259151637554,1.9476846437901258,5.813038844615221,0.23702126694843173,0.8643780797719955,2.020736236125231,150.71044233627617,0.48270728811621666,0.36260581109672785,5.0,0.1690869919896973,0.10731602135207667,4.502298778068779e-07,18
0.34239498898386955,2.5532594695687294,1.9480584897100925,10.620600700378418,1.7679309681989253,1.731451127678156,0.021782703697681427,210.7113846577704,0.0773364994674921,0.9418916860595345,5.0,0.18674414685298435,0.10095142013217004,2.8725735662185483e-07,19
1.5026510022580624,1.3712722286581993,1.2132593262940645,4.963565189391375,2.368466437328607,3.4240613244473934,2.841820903122425,51.271984819322824,0.35730785923078656,0.3078523501753807,9.0,0.25446617196663934,0.08388716740099786,1.9124065164720066e-07,20
3.3365353904664516,0.7491104751825333,1.9955348335206509,5.806584566831589,0.30416415072977543,2.3473781123757362,0.015718773007392883,218.43125042505562,0.3277917457744479,0.0018407078459858894,7.0,0.2792064536986648,0.07711930115187082,1.376026382860894e-07,21
2.817548830062151,0.08345916494727135,0.9152678567916155,0.8082657493650913,0.4970755917020142,3.3800799027085304,0.08092696592211723,201.74943236634135,0.22170814266428351,0.006120597943663597,9.0,0.2607781791061847,0.07984260179351167,9.557261149777103e-08,22
0.27267253771424294,0.08102996274828911,1.153177035972476,8.949632685631514,2.3513113241642714,2.99873323738575,3.996573716402054,233.2366716582328,0.29049486899748445,0.20191600918769836,9.0,0.18811507409475337,0.09543429118171742,9.218495485371434e-08,23
2.1541239954531193,0.36031758040189743,0.14138439297676086,11.388130567967892,1.1511951801367104,0.5786811783909798,1.6356939300894737,114.79684384539723,0.4155684970319271,0.22459189034998417,9.0,0.218686709404454,0.08855513773347934,8.592708751138407e-08,24
2.7903337441384792,2.5094877779483795,1.6155998650938272,0.5241435058414936,0.07430712692439556,2.993664287030697,0.06634137034416199,19.420268712565303,0.4833710305392742,0.7814094526693225,7.0,0.312303875721727,0.06769791373123779,7.153039248658337e-08,25
0.5706114582717419,2.1840772703289986,0.2231641672551632,10.19987016543746,0.014007564168423414,3.9672869443893433,1.1252298466861248,209.65013769455254,0.36804587161168456,0.2840991970151663,9.0,0.19634655295690512,0.09234425979874225,6.691410556046452e-08,26
0.23835678026080132,3.185527492314577,1.2393654957413673,11.831477232277393,1.9579766201786697,3.598834056407213,0.7598186433315277,212.06813002936542,0.3159902859479189,0.2995752301067114,9.0,0.2058491504839905,0.09014618567001956,6.402572483950968e-08,27
1.2984978817403316,1.9515722692012787,1.37242042273283,0.9622354991734028,0.5305305565707386,3.983147617429495,0.05026108771562576,204.64404276572168,0.04838468320667744,0.9858165858313441,7.0,0.2586553323352978,0.0781364568509455,5.153487124549643e-08,28
3.528249856084585,0.24726787209510803,1.919494241476059,10.461057364940643,1.8653541267849505,3.0002379789948463,0.01133793219923973,225.21252557635307,0.24429888417944312,0.15756957326084375,5.0,0.1730072691499652,0.09458669257970467,3.422144297799429e-08,29
0.6863339245319366,3.917681835591793,0.01782674342393875,7.759104385972023,2.232588811311871,1.6946090273559093,0.25691574439406395,14.381442684680223,0.06989444931969047,0.014073619619011879,9.0,0.2885529803959245,0.07048214624485903,3.362381706517927e-08,30
0.8750905469059944,0.16088268905878067,1.9267053343355656,10.985685501247644,1.550907976925373,3.9978954568505287,0.6795095652341843,17.564808251336217,0.34755994053557515,0.19415616616606712,9.0,0.3024873547913354,0.06751274362880101,3.303713122244796e-08,31
3.3875942677259445,3.9657270088791847,0.911201324313879,10.906639605760574,1.398492380976677,1.282987479120493,0.15272913500666618,133.00060504116118,0.2572303581982851,0.494014548137784,5.0,0.1455390535314866,0.10006536130755223,3.2589399608795924e-08,32
0.33219027891755104,1.8223660662770271,1.836622765287757,4.150679457932711,0.4235365311615169,1.20098265260458,2.7823617942631245,1.9675565417855978,0.48562166187912226,0.2007792191579938,9.0,0.30069172211240003,0.06747489143372724,2.8558416045691667e-08,33
2.3769014589488506,1.0740008652210236,0.9050770923495293,3.8564785569906235,1.194422380067408,3.548559498041868,0.048232339322566986,223.88636460527778,0.4943954311311245,0.2441297760233283,5.0,0.17540379864941288,0.09218598649627725,2.0661997476398083e-08,34
3.2864051051437855,3.8006821796298027,1.6492042168974876,1.1399128027260303,2.24123875843361,3.1215309984982014,0.07959181070327759,209.32001620531082,0.023647837340831757,0.3466643374413252,7.0,0.3006688128176021,0.06653796509908791,2.0311921483793437e-08,35
0.5175424441695213,2.4574344269931316,1.3855437207967043,1.0078551918268204,0.44369815615937114,0.23535970598459244,1.8093922920525074,114.32872782461345,0.00144139863550663,0.2451399164274335,9.0,0.278835595757109,0.07041319186192214,1.6400789984284437e-08,36
3.85995389893651,3.870037317276001,1.8628714755177498,0.7057814821600914,2.041571361478418,2.3541610315442085,1.8034031614661217,188.9679164160043,0.33989051869139075,0.5466868840157986,5.0,0.15586534987736014,0.0947269502001221,1.4108043243076969e-08,37
0.3895295597612858,3.662695273756981,0.6777949575334787,11.853228036314249,1.0642730235122144,1.5863187573850155,3.648194596171379,63.8033130671829,0.40998388500884175,0.2512758169323206,9.0,0.20928940761258136,0.08374199347850039,1.2970940696574337e-08,38
1.1708685457706451,2.6111362017691135,1.73792571015656,10.334925994277,0.8041591383516788,3.5524660535156727,0.12784232571721077,157.8805644530803,0.32159046828746796,0.9924616012722254,7.0,0.25894914251476037,0.07367508860932258,1.2551524460420494e-08,39
3.143245168030262,3.305268205702305,1.9522423520684242,10.69106475636363,2.4886863748542964,0.09827158600091934,2.874724518507719,92.51060872338712,0.05958400201052427,0.1418438721448183,5.0,0.16279978547596757,0.09290043417994442,1.2482569883759255e-08,40
3.9489492662250996,2.932313222438097,1.4863033667206764,7.608503144234419,0.5548458220437169,0.3982493318617344,0.8342586793005466,220.25030385702848,0.15730770165100694,0.8017427520826459,9.0,0.2909595879025423,0.06696309987429098,1.1346601232440463e-08,41
0.27045757323503494,2.7674607932567596,0.37134661711752415,11.770812448114157,0.3966076788492501,0.8805873468518257,3.658481787890196,225.29516695067286,0.0052691493183374405,0.29298260156065226,9.0,0.19541123626412274,0.08547782642022456,9.444595580763379e-09,42
2.0788880735635757,0.3446439318358898,1.8789240438491106,0.6580231301486492,1.9745774357579648,1.6143386028707027,0.05570078268647194,98.74123358167708,0.35643901070579886,0.28681465424597263,5.0,0.17877756767049335,0.08804706644501813,7.598732056404448e-09,43
3.6770606860518456,0.017769917845726013,0.6409566141664982,2.2424760349094868,2.087067747488618,1.3413525447249413,0.19382347166538239,180.63616403378546,0.4740952583961189,0.057117012329399586,9.0,0.2668592893213314,0.0700396729898149,5.894312654908014e-09,44
1.1535979881882668,3.7907279171049595,0.004113858565688133,2.028438325971365,1.2162411003373563,0.6775781959295273,0.11965090408921242,86.10396389849484,0.4850190249271691,0.8263512151315808,7.0,0.2710678400747209,0.06900726603771982,5.43479804957933e-09,45
3.7217917032539845,0.4584447704255581,0.5407092142850161,4.352528505027294,0.2830870635807514,3.814686566591263,3.974537279456854,221.84645221568644,0.3352037873119116,0.8505735099315643,9.0,0.2329331427431142,0.07586515765264948,4.405840810827922e-09,46
0.5166094452142715,0.289163276553154,0.8526856582611799,5.451662231236696,1.811808948405087,2.571952909231186,0.6555208452045918,210.53310669958591,0.3957615615800023,0.7154775625094771,9.0,0.23143315353737434,0.07578470993839442,3.847574768565455e-09,47
1.5733538158237934,3.77379959449172,1.8871653005480766,2.513287402689457,1.7898902110755444,0.15777317434549332,1.175985962152481,13.250426622107625,0.011368460953235626,0.5483473325148225,5.0,0.14926796489470887,0.09110178966757179,3.3521140384746112e-09,48
0.2799801006913185,3.641605731099844,1.7635026909410954,1.538026850670576,0.33336886670440435,2.779157515615225,0.05342777073383331,142.5318382680416,0.046057140454649925,0.00222067441791296,5.0,0.15786791212984896,0.08911881572931801,3.001232305696503e-09,49
0.7595953233540058,1.340550173074007,1.9125856645405293,2.6265419237315655,1.0462217358872294,0.10080104321241379,3.88544525206089,35.955633502453566,0.4908352247439325,0.9629478342831135,7.0,0.25971667935856685,0.06967505098395418,2.9557523779569575e-09,50
0.0995413325726986,0.021684955805540085,0.9476117324084044,9.447969485074282,0.31923886155709624,0.6247919239103794,0.4190021865069866,69.99653507955372,0.13558751437813044,0.1639862349256873,9.0,0.24877250867834694,0.07141485770790446,2.5697363325248702e-09,51
3.951019197702408,1.4591045193374157,0.9289848152548075,6.1595753990113735,0.1513075176626444,1.0669664666056633,0.0038694441318511963,100.34190653823316,0.10604069009423256,0.37215592339634895,5.0,0.15934774350211853,0.08774592770190516,2.096752258950885e-09,52
0.08972000703215599,0.5608684085309505,1.8891429286450148,2.141225393861532,1.4589564874768257,0.7303364500403404,0.1429208293557167,0.029037008062005043,0.14185370365157723,0.9687983943149447,7.0,0.25661992437176084,0.06911254347566205,1.8374608573673377e-09,53
2.882016494870186,2.0217875204980373,1.8844081349670887,2.395790297538042,2.4666860001161695,1.5392437316477299,3.9665997959673405,129.81470488011837,0.11873994115740061,0.34839324094355106,5.0,0.14732507198421257,0.08957375649811283,1.8223930737918404e-09,54
3.7750807218253613,2.240166265517473,1.97776516713202,0.753665205091238,1.5569959580898285,2.0067241974174976,0.14018168672919273,48.207190586254,0.035500180907547474,0.13004311453551054,9.0,0.39507271687547496,0.042484714265867106,1.438953084240304e-09,55
3.0916747860610485,2.741986248642206,1.937354451045394,8.478681351989508,0.6180548225529492,3.3490438647568226,0.14459024369716644,8.23718449100852,0.39244067622348666,0.036687514744699,5.0,0.18130378076608372,0.08192175262002903,1.1366056334513086e-09,56
1.9681066237390041,0.8195748440921307,1.5199383571743965,8.180961560457945,2.29506547562778,0.5048906318843365,0.8014556281268597,224.91648863069713,0.13345968024805188,0.41356687992811203,9.0,0.23417749236025553,0.07161024683793775,9.028854463366906e-10,57
1.894177857786417,1.2349044680595398,0.007526226341724396,11.622535709291697,2.088033927138895,2.0061470456421375,2.865813445299864,237.22021817229688,0.401635535992682,0.7825140384957194,9.0,0.20854427923751973,0.07628580994335293,8.919806386139683e-10,58
3.8312546014785767,0.2958579957485199,1.9339418485760689,4.89103839173913,1.4655456063337624,1.9599290937185287,2.8985500261187553,158.86372979730368,0.4943446610122919,0.07320103142410517,7.0,0.27283511853423575,0.06418023085188802,7.780406004070971e-10,59
0.17414375767111778,1.6160791739821434,0.61400624550879,1.4555522538721561,1.025223289616406,1.569039449095726,0.12429675087332726,23.76669319346547,0.4824620564468205,0.18463430646806955,5.0,0.15903034072195574,0.08482296144829785,7.367253311986077e-10,60
3.66671347245574,2.9228617176413536,0.3747330531477928,0.030179891735315323,0.8711239625699818,0.5796483941376209,0.01549910381436348,213.11412518844008,0.04831542680040002,0.10571642313152552,5.0,0.1758742419523381,0.08167580398250293,7.12918164500361e-10,61
0.14028440415859222,3.77895000949502,0.9531553667038679,8.946997281163931,0.053270431235432625,3.6656999476253986,0.029435236006975174,85.55081789381802,0.21245524985715747,0.5236238725483418,5.0,0.1415875236895301,0.08773031209899329,6.716295745289272e-10,62
3.9365934059023857,0.072066530585289,0.4694529566913843,2.915120478719473,1.2936470843851566,3.7068466506898403,2.3735594786703587,52.566190948709846,0.34856983460485935,0.1843397719785571,7.0,0.2359146118111015,0.07058185030571591,6.636137888191629e-10,63
2.537822727113962,3.8730209954082966,1.656826363876462,5.909049388021231,1.8127632862888277,3.4683230742812157,2.984940942376852,17.481758492067456,0.13963327137753367,0.013414178974926472,9.0,0.26217551127686983,0.06523436467670825,5.081280409489093e-10,64
1.6719819456338882,3.8745617233216763,1.446305863559246,4.247863367199898,1.970087387599051,1.4181600771844387,0.23842957988381386,105.16126407310367,0.3971175840124488,0.23099601082503796,9.0,0.3368672179166421,0.05161122764658513,4.914566920997527e-10,65
3.642690122127533,3.7595157735049725,1.4050601925700903,7.710420615971088,0.7776007358916104,3.420330759137869,1.944007832556963,180.0461974926293,0.36263657407835126,0.8182751592248678,9.0,0.29303291382366614,0.059577254517367624,4.914085081472464e-10,66
1.0459843687713146,3.459368195384741,1.9890106916427612,5.7168801091611385,2.0639219344593585,0.01899787038564682,3.6125064566731453,161.6326835937798,0.15608377382159233,0.18577292654663324,9.0,0.28692756074030207,0.060678429754763376,4.899760282569368e-10,67
3.8923494331538677,0.3923324905335903,1.3742042649537325,2.049491062760353,1.997466932516545,1.6907030828297138,0.42638449370861053,72.58231216110289,0.23889019852504134,0.765455930493772,9.0,0.31154551328674407,0.05600836651151358,4.3733258928176687e-10,68
0.08199222013354301,0.09568079560995102,1.6522537879645824,4.240416683256626,2.2030380717478693,0.8358801640570164,0.8426793999969959,47.86270600743592,0.45569690642878413,0.9323047325015068,9.0,0.24168279127544234,0.06827751206588666,3.735775505707388e-10,69
0.10835830122232437,0.4911560043692589,0.46556100621819496,7.237975303083658,0.2435503900051117,0.25025803595781326,1.6524246893823147,215.12378030456603,0.3604669156484306,0.8048624014481902,9.0,0.2171104411795819,0.07263432838645595,3.6712378734589257e-10,70
0.34865714982151985,3.298213701695204,0.0398270059376955,4.61544918268919,2.335521860513836,2.9543553851544857,0.7837997414171696,30.52182076498866,0.42696644691750407,0.7897534491494298,9.0,0.24294487732483944,0.06725407488928005,2.548492441318124e-10,71
3.664222214370966,1.142819281667471,0.24251341074705124,9.627307076007128,1.7538063041865826,0.4506114013493061,2.238331664353609,61.49507290683687,0.2001274605281651,0.8115387763828039,9.0,0.2662371067636027,0.06312409207897066,2.5475315057976877e-10,72
