o2,p_coumaric_acid,d_glucose,sodium_citrate,sodium_octanoate,sodium_acetate,sodium_benzoate,d_xylose,d_galactose,l_arabinose,sodium_chloride,potassium_chloride,urea,ammonium_chloride,pH,type,direction,frontier_type,growth_pred,var,is_redo,round
1.0,1.4116099127568305,0.9201078191399574,3.043501641601324,1.9692852664738894,4.477783799171448,0.1541006425395608,2.5330774672329426,0.8192636296153069,0.4679111987352371,71.33633107878268,31.727877212688327,0.4670152491889894,0.8159066373482347,7.0,n/a,2,FRONTIER,1,0,False,1
0.0,1.0203201393596828,3.9092425517737865,1.2586906403303146,0.5975560303777456,8.531406059861183,1.7987901531159878,0.6419030800461769,2.296231996268034,2.850583229213953,61.89226754941046,92.33153378590941,0.05053955456241965,0.22193269431591034,9.0,n/a,2,FRONTIER,1,0,False,1
0.0,1.9737697788514197,1.6112486124038696,2.5786028876900673,0.12287401407957077,9.607329357415438,0.767688206396997,1.7658264562487602,3.836178869009018,3.9120902828872204,15.882437932305038,116.66925658937544,0.27485139202326536,0.588268218562007,7.0,n/a,2,FRONTIER,1,0,False,1
1.0,0.4972323100082576,2.621871653944254,0.8633452095091343,1.498761247843504,1.7553651072084904,2.4356817919760942,3.906878624111414,1.2983598299324512,1.277472160756588,99.79140374343842,9.312761132605374,0.23881242331117392,0.49449800606817007,5.0,n/a,2,FRONTIER,1,0,False,1
1.0,2.4531508423388004,3.3574544340372086,0.0448760986328125,1.1669221054762602,4.928159650415182,1.2321880972012877,1.2724338993430138,3.3760745711624622,2.0426607877016068,0.15434995293617249,25.961742037907243,0.32132728584110737,0.12129267677664757,5.0,n/a,2,FRONTIER,1,0,False,1
0.0,0.03679125104099512,0.3468334265053272,2.2593746595084667,0.2905437294393778,6.030054431408644,1.9711497146636248,3.412509623914957,1.977187305688858,0.6430209018290043,115.49660004675388,98.04097656160593,0.16108560375869274,0.9648874001577497,7.0,n/a,2,FRONTIER,1,0,False,1
0.0,1.578457597643137,2.1736569330096245,1.5791128762066364,0.8043951727449894,11.733429126441479,0.6197658041492105,2.038159031420946,0.4060515873134136,1.5795351080596447,87.30861882213503,75.74784092139453,0.38892220379784703,0.34880008827894926,9.0,n/a,2,FRONTIER,1,0,False,1
1.0,0.8724124589934945,1.1845239959657192,3.8646829947829247,1.6766155511140823,0.9298749044537544,1.3331357203423977,0.14796132594347,2.9906674548983574,3.2272145971655846,45.94287055078894,50.177486264146864,0.09738167421892285,0.692461209371686,7.0,n/a,2,FRONTIER,1,0,False,1
1.0,2.167960270307958,2.420467983931303,2.120175365358591,0.7446665223687887,2.5053590275347233,0.941571204457432,1.1860465854406357,3.1377590745687485,1.149196207523346,32.14380284771323,45.28230684809387,0.1558513012714684,0.2916968259960413,7.0,n/a,2,FRONTIER,1,0,False,1
0.0,0.3616455662995577,1.4098507836461067,0.34315017610788345,1.8690193761140108,10.357344020158052,2.105681139510125,3.0137442760169506,1.72330779209733,3.532339859753847,84.49754072353244,78.79283605143428,0.36175109492614865,0.6353064505383372,5.0,n/a,2,FRONTIER,1,0,False,1
0.0,1.3225731393322349,3.1106748320162296,3.507788524031639,1.3514066152274609,7.781411424279213,0.32414955319836736,2.3900499306619167,0.1442984715104103,2.7207947932183743,118.79477475304157,118.51162684615701,0.08678009547293186,0.05046628136187792,7.0,n/a,2,FRONTIER,1,0,False,1
1.0,1.246104734018445,0.12153807282447815,1.7847450636327267,0.2233840450644493,3.727764129638672,1.4723565219901502,0.31247416138648987,2.74460032209754,0.08961225301027298,15.417538699693978,7.4861227767542005,0.4269007947295904,0.8941125012934208,9.0,n/a,2,FRONTIER,1,0,False,1
1.0,1.7798099643550813,1.8581204302608967,1.1195714697241783,0.42276068963110447,0.1798788383603096,0.1709003490395844,2.884418871253729,0.5731355808675289,3.3557652831077576,103.32626826129854,20.227654138579965,0.00843906681984663,0.5214679380878806,9.0,n/a,2,FRONTIER,1,0,False,1
0.0,0.7687072758562863,2.847258970141411,3.3419092185795307,1.050299746915698,10.983410887420177,1.6255806921981275,0.8058666586875916,2.03454003483057,1.9585835225880146,30.893677612766623,103.7898575887084,0.473990841768682,0.42750889621675014,7.0,n/a,2,FRONTIER,1,0,False,1
0.0,2.3126637167297304,0.673265602439642,0.5063706450164318,1.5446427315473557,6.780046921223402,0.7896362827159464,1.6799882799386978,3.5822382010519505,0.7720465622842312,47.36810957547277,66.11607118975371,0.2030634037218988,0.7625896409153938,5.0,n/a,2,FRONTIER,1,0,False,1
1.0,0.19678148673847318,3.68388482183218,2.7841015458106995,0.9207733906805515,5.6781757436692715,2.257624405901879,3.5086626522243023,1.060105249285698,2.421173222362995,69.26560250576586,59.82404912356287,0.2832880108617246,0.1688045272603631,7.0,n/a,2,FRONTIER,1,0,False,1
1.0,2.194406255148351,1.2731835283339024,1.6901285983622074,1.3885505069047213,10.647711675614119,1.7904060008004308,1.58229386433959,1.5676442496478558,0.5239002145826817,65.41941477917135,29.659522115252912,0.12308767484501004,0.09238376095890999,5.0,n/a,2,FRONTIER,1,0,False,1
0.0,0.2369162905961275,2.2759920358657837,3.97545076161623,0.014197414740920067,0.4981858693063259,0.006255023181438446,3.723468095064163,3.0439413115382195,2.1578449457883835,51.33637017570436,94.4156238110736,0.3944822666235268,0.9986822279170156,7.0,n/a,2,FRONTIER,1,0,False,1
0.0,1.8178072711452842,0.1957053355872631,0.18582113087177277,0.5163529142737389,5.265526480972767,2.4028660310432315,2.849300727248192,2.5894423313438892,3.096342794597149,27.04749850090593,71.63405953906476,0.18091261945664883,0.31984766107052565,9.0,n/a,2,FRONTIER,1,0,False,1
1.0,0.6525873113423586,3.1926507726311684,2.40055238828063,1.8943757228553295,7.210460297763348,0.6442313548177481,0.9582484178245068,0.04899880290031433,1.7143439166247845,107.29451512452215,54.36369450762868,0.33273581601679325,0.7262933496385813,7.0,n/a,2,FRONTIER,1,0,False,1
1.0,1.3578192121349275,2.9604696594178677,2.691217951476574,1.6948313545435667,10.008232310414314,1.9407986057922244,2.3470580726861954,2.1276252567768097,2.9813922084867954,11.571362148970366,35.85770900826901,0.2277585556730628,0.8455237606540322,7.0,n/a,2,FRONTIER,1,0,False,1
0.0,1.1327360873110592,1.9635224267840385,0.9762082286179066,0.817292058840394,2.8132748007774353,1.1063118930906057,0.45698244497179985,0.7295314259827137,0.3331652134656906,122.76302417740226,88.15979270730168,0.2546389577910304,0.1893908903002739,9.0,n/a,2,FRONTIER,1,0,False,1
0.0,2.046961111482233,3.508174140006304,3.186738323420286,0.3387417830526829,3.3252314664423466,1.3271721126511693,1.0806005261838436,1.1527194902300835,1.396655909717083,80.65135043580085,112.98564937897027,0.04535704245790839,0.6179772522300482,7.0,n/a,2,FRONTIER,1,0,False,1
1.0,0.4045221512205899,0.5053635984659195,1.4016946256160736,1.212611362338066,8.224779535084963,0.4694591090083122,3.2207983136177063,3.7400818578898907,3.7968430630862713,36.11206088680774,12.954458594322205,0.4409619770012796,0.4618542781099677,5.0,n/a,2,FRONTIER,1,0,False,1
1.0,1.6970178135670722,3.7724722921848297,0.64571338519454,0.14833692274987698,6.46041988581419,2.118967438582331,2.198338143527508,2.389378372579813,1.8433674164116383,42.096683755517006,16.098636551760137,0.31215272983536124,0.5540401404723525,9.0,n/a,2,FRONTIER,1,0,False,1
0.0,0.8319795946590602,0.7755212523043156,2.923188701272011,1.2700663972645998,4.5155525878071785,1.0845527495257556,0.12064031139016151,0.9755985587835312,3.47485688328743,91.2768729031086,107.96077002305537,0.205434528645128,0.3978618513792753,7.0,n/a,2,FRONTIER,1,0,False,1
0.0,2.4154658266343176,2.69614190608263,1.2282832339406013,1.7604803554713726,1.2482255659997463,1.500270136166364,1.4950672276318073,1.3910349868237972,2.2863973155617714,111.65042000357062,69.79861459694803,0.4931008433923125,0.7952029705047607,5.0,n/a,2,FRONTIER,1,0,False,1
1.0,0.15260361833497882,1.693335186690092,3.450861308723688,0.6345928832888603,11.397680561989546,0.452470479067415,3.3226428404450417,3.9939613714814186,0.9029464982450008,4.122603335417807,56.183400098234415,0.02059542667120695,0.13912541512399912,7.0,n/a,2,FRONTIER,1,0,False,1
1.0,1.938216183334589,0.4601852521300316,3.644814759492874,0.9663250986486673,8.974817801266909,1.651067801285535,1.9963331408798695,1.8215849176049232,3.6670567579567432,95.94522067345679,41.583478334359825,0.41464157216250896,0.25793239660561085,7.0,n/a,2,FRONTIER,1,0,False,1
0.0,0.6109133223071694,3.462989952415228,1.9220268838107586,1.5927037131041288,4.075201783329248,0.3016787744127214,3.8248854354023933,3.2821958921849728,1.018355280160904,19.850688287988305,82.41925260517746,0.06780371256172657,0.6641854448243976,5.0,n/a,2,FRONTIER,1,0,False,1
0.0,1.5323110856115818,1.0086721628904343,2.227282125502825,1.0633341819047928,2.063232958316803,2.2684520133771002,2.70100786536932,2.835570380091667,0.20488760620355606,58.0460837809369,122.62623687274754,0.35923896031454206,0.016603742726147175,7.0,n/a,2,FRONTIER,1,0,False,1
1.0,0.9777463832870126,2.0056214220821857,0.4500166103243828,0.44111356511712074,9.2582598477602,0.9350407565943897,0.6223335899412632,0.3106907643377781,2.6016439460217953,75.30458818655461,3.299100324511528,0.12709731282666326,0.9230948500335217,9.0,n/a,2,FRONTIER,1,0,False,1
1.0,1.9925248762592673,3.0132186971604824,1.486038725823164,1.6401662342250347,11.513127040117979,2.3504818091169,0.02300242707133293,3.0934215001761913,0.2557849921286106,113.78965259063989,101.8486067187041,0.371462001465261,0.2742814291268587,7.0,n/a,2,FRONTIER,1,0,False,1
0.0,0.5175514984875917,0.0006483718752861023,3.2088379859924316,0.7626279518008232,1.3175296448171139,0.6960266642272472,2.163200244307518,1.5528091415762901,2.933806762099266,2.8440608875826,22.195545490831137,0.14218548219650984,0.6805512858554721,5.0,n/a,2,FRONTIER,1,0,False,1
0.0,1.4706958970054984,2.4553933925926685,0.8879502639174461,0.26840690337121487,4.825102485716343,1.7375045781955123,3.2874992191791534,0.0639483816921711,3.87421565502882,44.71728438511491,61.82242592331022,0.4327814965508878,0.0017195837572216988,7.0,n/a,2,FRONTIER,1,0,False,1
1.0,1.0784525144845247,1.468209758400917,2.6652196533977985,1.142275469377637,6.72236218303442,0.05974535830318928,1.3974236212670803,2.5398018956184387,1.4442489854991436,89.50265916064382,64.20536816585809,0.08478749310597777,0.9081938825547695,9.0,n/a,2,FRONTIER,1,0,False,1
1.0,1.637867910321802,0.7008705772459507,2.4851515740156174,1.4432613402605057,9.15124462544918,1.2632295256480575,3.78189879655838,0.6487935781478882,2.2357476986944675,60.1857336005196,80.70353441871703,0.47981147514656186,0.5386508917436004,9.0,n/a,2,FRONTIER,1,0,False,1
0.0,0.930182368028909,3.688055992126465,0.20766475424170494,0.06890735402703285,2.0038253366947174,0.5340335238724947,1.8908465169370174,2.2362332828342915,0.5710317939519882,74.02658218052238,43.283925391733646,0.0065084961242973804,0.38248941116034985,7.0,n/a,2,FRONTIER,1,0,False,1
0.0,2.4721539742313325,1.7679846696555614,3.886952940374613,0.5866420809179544,3.763829592615366,1.8750414857640862,0.5168526880443096,3.63140519708395,1.6364487931132317,98.56528486125171,5.5182286305353045,0.2930609192699194,0.8110805302858353,5.0,n/a,2,FRONTIER,1,0,False,1
1.0,0.056824267376214266,2.7805570140480995,1.6643711104989052,1.9646657835692167,8.709588009864092,1.1714371852576733,2.658026948571205,1.2336022667586803,3.049203585833311,18.076057313010097,120.45287492219359,0.18933754600584507,0.15498616639524698,7.0,n/a,2,FRONTIER,1,0,False,1
1.0,1.2644813605584204,1.5129037722945213,0.4122956283390522,0.8960044607520103,7.472388289868832,1.5538559691049159,3.633605994284153,0.894853089004755,1.0645083375275135,28.69958325754851,100.00696289353073,0.06035920791327953,0.8604228207841516,7.0,n/a,2,FRONTIER,1,0,False,1
0.0,1.1869829217903316,2.5000853799283504,2.1273091062903404,1.522384088486433,5.575062073767185,0.3995116683654487,1.5549317486584187,2.497978761792183,3.745930403470993,104.5519047183916,24.02240363880992,0.4533361066132784,0.20427695661783218,9.0,n/a,2,FRONTIER,1,0,False,1
0.0,2.147605384234339,0.955982968211174,1.9636464715003967,1.0086548198014498,0.5674985311925411,2.170667250175029,0.9308920241892338,3.8852770887315273,2.5554832592606544,66.5758263785392,48.26869291719049,0.24464928405359387,0.6016133185476065,7.0,n/a,2,FRONTIER,1,0,False,1
1.0,0.3429309348575771,3.9685591347515583,3.748701673001051,0.38643318973481655,10.7631667368114,1.032225915696472,2.75944434851408,1.4719101265072823,0.1260215900838375,49.07512594945729,77.74431549478322,0.2729370188899338,0.44550333824008703,5.0,n/a,2,FRONTIER,1,0,False,1
1.0,2.2926711477339268,2.200250893831253,3.413388766348362,0.2186422385275364,7.959558326750994,2.333672542590648,0.43746906891465187,3.331668443977833,3.428242225199938,82.30397163424641,90.33506200648844,0.16698441049084067,0.07652110233902931,5.0,n/a,2,FRONTIER,1,0,False,1
0.0,0.17774267587810755,1.1876767612993717,1.128062728792429,1.3403708189725876,3.013867858797312,0.8692265837453306,2.2650447115302086,1.806742187589407,1.7650087773799896,33.369867713190615,33.63667335361242,0.3193528181873262,0.9828065754845738,7.0,n/a,2,FRONTIER,1,0,False,1
0.0,1.72200420871377,3.2683907225728035,2.9645751379430294,1.8151750396937132,2.7538528740406036,1.7155469791032374,3.138779230415821,0.325632706284523,0.9495687857270241,12.727356515824795,11.25210418831557,0.10714120324701071,0.33522200863808393,9.0,n/a,2,FRONTIER,1,0,False,1
1.0,0.7093375781551003,0.28121091052889824,0.74983249604702,0.6892884615808725,9.901202782988548,0.2377932402305305,1.0610814280807972,2.785922322422266,2.364748325198889,120.50124350935221,114.70327491406351,0.3753050370141864,0.7416806910187006,7.0,n/a,2,FRONTIER,1,0,False,1
1.0,1.8378190346993506,2.675799861550331,3.780817050486803,1.2216024808585644,3.4330659806728363,0.704410788603127,3.095787677913904,2.3398452028632164,0.6901314407587051,124.46756532881409,84.38618981745094,0.2151604313403368,0.5051036765798926,9.0,n/a,2,FRONTIER,1,0,False,1
0.0,0.6716453353874385,1.680801946669817,1.558483175933361,0.3452230915427208,7.534320518374443,2.4983273819088936,1.2055900022387505,0.8024677447974682,2.1205235458910465,8.883104310370982,39.64317974168807,0.2985024284571409,0.4111583437770605,7.0,n/a,2,FRONTIER,1,0,False,1
0.0,2.2522312053479254,3.855344645678997,2.347139209508896,0.8747147973626852,10.233288545161486,0.09256116580218077,0.3320233002305031,1.3152548670768738,3.180111687630415,37.33617905527353,1.3893523719161749,0.026461098808795214,0.7774890884757042,5.0,n/a,2,FRONTIER,1,0,False,1
1.0,0.29630520148202777,0.850584801286459,0.06941969320178032,1.7469361890107393,2.427446309477091,1.8609614577144384,2.4720990546047688,3.792390216141939,1.5016647204756737,78.45973130315542,124.62366046383977,0.4910927494056523,0.18369026575237513,7.0,n/a,2,FRONTIER,1,0,False,1
1.0,2.105033937841654,1.1135133281350136,0.7802169397473335,1.9145896881818771,5.981305506080389,0.5643846793100238,0.8331977799534798,1.9023012407124043,2.80295766890049,53.041436593048275,105.96334363799542,0.07360934978350997,0.3070708457380533,7.0,n/a,2,FRONTIER,1,0,False,1
0.0,0.46362502966076136,2.11827115342021,2.5572383739054203,0.542861346155405,7.037033926695585,1.3891057576984167,2.974249977618456,3.4866280555725098,0.39051005616784096,62.73158534895629,18.008381710387766,0.41269548377022147,0.6506941793486476,5.0,n/a,2,FRONTIER,1,0,False,1
0.0,1.3781551457941532,0.4178743362426758,1.3457328043878078,0.052569592371582985,11.105643711984158,1.1774007650092244,3.598488036543131,2.8800300173461437,1.32509009167552,108.51822723634541,58.123694034293294,0.13688525091856718,0.03460401017218828,7.0,n/a,2,FRONTIER,1,0,False,1
1.0,1.151431784965098,3.4128704704344273,3.0687647610902786,1.4284559320658445,0.25450441986322403,2.0253481343388557,1.7073136791586876,0.48106738179922104,3.989499054849148,24.85533175058663,67.83167272806168,0.3455285942181945,0.8782365210354328,9.0,n/a,2,FRONTIER,1,0,False,1
1.0,2.35603631939739,0.17649637535214424,2.820352327078581,0.49309658259153366,1.6774609722197056,0.38622532272711396,0.7473596632480621,1.648429349064827,1.8802000284194946,22.042376338504255,86.22140751685947,0.40428640227764845,0.10640884563326836,5.0,n/a,2,FRONTIER,1,0,False,1
0.0,0.09481449611485004,3.1812580078840256,0.6058652698993683,1.120634626597166,9.483282465487719,1.410874396096915,2.576034065335989,3.248320195823908,3.309114445000887,94.72103731241077,37.82274026889354,0.10939353611320257,0.9499860452488065,7.0,n/a,2,FRONTIER,1,0,False,1
0.0,1.6779954871162772,1.3548617623746395,3.3017445728182793,1.5993068385869265,8.284300848841667,1.0043123294599354,3.949829500168562,2.633970506489277,2.4995643459260464,77.99289631657302,14.949980890378356,0.33858816837891936,0.3651487333700061,9.0,n/a,2,FRONTIER,1,0,False,1
1.0,0.8119273651391268,2.3498540744185448,1.016178209334612,0.9754385109990835,4.183071345090866,2.04234637087211,1.871277317404747,0.21932190284132957,0.8186897709965706,56.34148861281574,111.07781017199159,0.17901327600702643,0.7088273782283068,7.0,n/a,2,FRONTIER,1,0,False,1
1.0,1.5135749406181276,3.613781940191984,1.8217382580041885,0.6743764616549015,1.0044861808419228,0.8437395025976002,3.44767851755023,2.0781608782708645,3.6111772060394287,93.46897446084768,96.32346767466515,0.2605532822199166,0.8317845249548554,7.0,n/a,2,FRONTIER,1,0,False,1
0.0,0.9574461285956204,0.6187878325581551,3.606537874788046,1.7987302094697952,11.855647645890713,2.2028941637836397,1.3701027780771255,0.5563473179936409,1.1953245289623737,40.87304056156427,27.664004475809634,0.22579908417537808,0.23779305815696716,9.0,n/a,2,FRONTIER,1,0,False,1
0.0,1.8791491515003145,2.917331073433161,0.30225834622979164,1.296696675941348,6.287050019949675,0.2269655861891806,0.24563592672348022,1.0770079232752323,0.010767277330160141,6.81037874892354,52.398666040971875,0.4507060144096613,0.5728785824030638,7.0,n/a,2,FRONTIER,1,0,False,1
1.0,0.5527998809702694,1.9125674068927765,2.0175121501088142,0.1686732117086649,5.231297995895147,1.570142477285117,2.0733336471021175,3.5384571701288223,2.6746741011738777,109.94540387764573,73.5724475234747,0.0317248459905386,0.47912589367479086,5.0,n/a,2,FRONTIER,1,0,False,1
1.0,2.4945635232143104,2.8163735419511795,0.5920171178877354,0.7686083763837814,0.07885962724685669,1.3015273865312338,2.4543654769659042,2.5102281160652637,0.18277393281459808,14.391469536349177,55.05116924177855,0.3405409948900342,0.24945413880050182,7.0,n/a,2,FRONTIER,1,0,False,1
0.0,0.0735058099962771,1.8269945569336414,2.869461990892887,1.6410216130316257,10.882481887936592,0.49512177240103483,0.34553973004221916,0.09742459654808044,2.502877239137888,117.98251862637699,69.02398134116083,0.17315431777387857,0.8430774724110961,5.0,n/a,2,FRONTIER,1,0,False,1
0.0,1.6199036571197212,3.6525153443217278,1.033993884921074,1.1389805916696787,6.884186077862978,1.9151725992560387,1.219417329877615,1.5201852433383465,3.6894224397838116,85.89070045854896,108.74256328679621,0.40233369497582316,0.4750332171097398,7.0,n/a,2,FRONTIER,1,0,False,1
1.0,0.9090936393477023,0.6416482888162136,3.256480362266302,0.26291285268962383,5.782221827656031,1.1319175781682134,3.078364998102188,3.1221353337168694,1.1173577830195427,32.83477888908237,17.255193553864956,0.11525261355563998,0.5686657279729843,9.0,n/a,2,FRONTIER,1,0,False,1
1.0,1.4531751023605466,1.3787206783890724,3.59304066747427,0.08734087273478508,2.580016728490591,2.3893916234374046,1.724986221641302,1.200735203921795,2.3277675956487656,69.9184131808579,2.653712756000459,0.448753307107836,0.9377203835174441,9.0,n/a,2,FRONTIER,1,0,False,1
0.0,1.0568821802735329,2.389585953205824,1.870283354073763,1.462913654744625,10.431911509484053,0.6577259721234441,3.584910571575165,3.660369824618101,0.9906963147222996,48.78417635336518,121.36379175353795,0.03758392343297601,0.09377505071461201,7.0,n/a,2,FRONTIER,1,0,False,1
0.0,2.01536834705621,0.08992308378219604,2.0348548106849194,1.9415935929864645,7.709504596889019,1.7770261224359274,2.9604836851358414,2.2064200937747955,1.8022334091365337,30.11955611873418,83.6897965054959,0.2625061087310314,0.7120598815381527,5.0,n/a,2,FRONTIER,1,0,False,1
1.0,0.5337609723210335,3.0793000496923923,0.2576807737350464,0.569675313308835,3.6559503749012947,0.01961707603186369,0.8506814949214458,0.6825168319046497,3.3873595520853996,102.27732092607766,42.25031612440944,0.21994012594223022,0.3682610588148236,7.0,n/a,2,FRONTIER,1,0,False,1
1.0,1.7383662890642881,0.31570808961987495,1.509511198848486,1.5088333822786808,5.032218609005213,2.2941537178121507,1.8262667544186115,1.4389820359647274,1.496871680021286,100.93130264431238,53.209015051834285,0.0284138061106205,0.6472146930173039,7.0,n/a,2,FRONTIER,1,0,False,1
0.0,0.7320284796878695,3.32656954228878,3.794741854071617,0.8851412087678909,6.134203601628542,0.9093593736179173,3.998568929731846,3.914302743971348,3.817446608096361,16.808553598821163,70.8503887290135,0.4852336719632149,0.30322322621941566,9.0,n/a,2,FRONTIER,1,0,False,1
0.0,2.2712534200400114,1.152906145900488,0.11454669386148453,0.3948569428175688,11.632490113377571,1.6766368295066059,2.6249508783221245,2.4681045450270176,2.8809396885335445,60.62915048096329,95.1883199159056,0.21320760482922196,0.8902609143406153,7.0,n/a,2,FRONTIER,1,0,False,1
1.0,0.16006931196898222,2.1422869190573692,2.329247359186411,1.0226918999105692,0.82884281873703,0.27609180891886353,0.7025264836847782,0.928637370467186,0.3123106136918068,70.77542750630528,30.793690122663975,0.3043613866902888,0.04650822561234236,5.0,n/a,2,FRONTIER,1,0,False,1
1.0,2.126364086288959,3.8783599846065044,2.508556306362152,1.3158357068896294,4.405957169830799,1.513725712429732,2.118405245244503,2.7562875002622604,3.0080593526363373,45.40484328754246,12.285683653317392,0.13493242440745234,0.41597867757081985,5.0,n/a,2,FRONTIER,1,0,False,1
0.0,0.32511928817257285,0.8889771774411201,0.7936382107436657,0.18751342222094536,8.459489218890667,0.439032728318125,0.1969575323164463,0.35916996374726295,1.6734461970627308,86.00736525841057,111.71704262960702,0.35138755245134234,0.509555877186358,7.0,n/a,2,FRONTIER,1,0,False,1
0.0,1.2810103339143097,2.5904974080622196,3.113479781895876,0.7169974017888308,9.68190686032176,2.132366148289293,1.32112492993474,1.7740572467446327,0.6119321249425411,116.39981053303927,89.42411537282169,0.07556205708533525,0.17276640143245459,9.0,n/a,2,FRONTIER,1,0,False,1
1.0,1.209545077290386,1.5796341598033905,1.3284665569663048,1.8411769028753042,1.8300356827676296,1.0711338301189244,3.492450661957264,3.3604433201253414,2.198505438864231,1.3324160827323794,36.501219030469656,0.40683640632778406,0.7664450462907553,7.0,n/a,2,FRONTIER,1,0,False,1
1.0,1.39926771633327,3.494608875364065,2.171886917203665,0.3734223395586014,8.862068396061659,0.6039069313555956,1.4110068008303642,3.759585350751877,0.8715373016893864,5.178594263270497,6.336218910291791,0.24660222977399826,0.9712685523554683,9.0,n/a,2,FRONTIER,1,0,False,1
0.0,1.1694103432819247,0.4915561005473137,0.3949532061815262,1.2471142746508121,3.962542589753866,1.3489766931161284,3.269832406193018,1.3441572971642017,2.4430506378412247,112.43156273849308,117.72319488227367,0.2670777030289173,0.06510707177221775,7.0,n/a,2,FRONTIER,1,0,False,1
0.0,2.088366700336337,2.036747593432665,3.7001568153500557,1.7219107691198587,2.179102309048176,1.2163098715245724,2.145710814744234,0.772472195327282,3.256510339677334,89.85355391632766,79.56077146809548,0.058406142983585596,0.7456503696739674,5.0,n/a,2,FRONTIER,1,0,False,1
1.0,0.44123932253569365,1.0395581275224686,1.9771439172327518,0.8440760504454374,9.374036125838757,1.9870482245460153,0.036762990057468414,2.3737508170306683,1.9369581155478954,41.43658361863345,46.4212509104982,0.45919530326500535,0.3395560057833791,7.0,n/a,2,FRONTIER,1,0,False,1
1.0,2.2360074263997376,0.8068944253027439,1.1733271777629852,0.550795029848814,6.5468077808618546,0.7445423863828182,2.644504804164171,0.45130927488207817,2.6337856985628605,74.62161686271429,59.16575691662729,0.10518813831731677,0.2166637685149908,7.0,n/a,2,FRONTIER,1,0,False,1
0.0,0.2734378888271749,3.804085910320282,3.395573329180479,1.929117076098919,4.601850271224976,2.458807365037501,0.5345805361866951,2.913690559566021,0.04798997938632965,56.66089151054621,64.83696633949876,0.38116423366591334,0.8729336252436042,5.0,n/a,2,FRONTIER,1,0,False,1
0.0,1.8593655270524323,1.7242169193923473,0.7007230706512928,1.4153952952474356,1.1645885445177555,0.1308585423976183,1.9082749113440514,3.454064507037401,1.2364577874541283,20.65473108086735,105.04368261899799,0.16893735621124506,0.4421497443690896,7.0,n/a,2,FRONTIER,1,0,False,1
1.0,0.6891518249176443,2.7272714748978615,2.9784235283732414,0.041216032579541206,11.314136613160372,1.8220501160249114,3.7680771984159946,1.9309547245502472,3.57419840618968,96.96305415127426,20.881647360511124,0.3134935023263097,0.5986240431666374,9.0,n/a,2,FRONTIER,1,0,False,1
1.0,1.8968082102946937,1.9948927387595177,3.226104471832514,1.098052505403757,10.123998574912548,0.8054376184009016,2.808117028325796,0.1896248236298561,1.558192241936922,106.1235019005835,8.171939523890615,0.43473456148058176,0.3860918879508972,5.0,n/a,2,FRONTIER,1,0,False,1
0.0,0.5741937668062747,2.992088045924902,1.4413239434361458,0.4756395071744919,2.9291312769055367,2.241802786011249,0.8858146965503693,2.6675700210034847,3.12725031375885,26.15130366757512,115.90319871902466,0.07892829645425081,0.5423773610964417,7.0,n/a,2,FRONTIER,1,0,False,1
0.0,1.4908601972274482,0.5362500995397568,2.6517986208200455,0.9933819603174925,3.212585147470236,0.18683611182495952,1.5101653188467026,3.2158176749944687,2.0637525990605354,52.63036221731454,93.12190290074795,0.3695090557448566,0.14283872302621603,9.0,n/a,2,FRONTIER,1,0,False,1
1.0,0.9410697431303561,3.539300847798586,0.9366325698792934,1.6194494608789682,8.112040143460035,1.6096628294326365,3.6825895719230175,1.6770218051970005,0.7427484355866909,65.95015816856176,32.875843928195536,0.14804479805752635,0.7992974054068327,7.0,n/a,2,FRONTIER,1,0,False,1
1.0,1.655457173474133,2.307606190443039,0.225556842982769,1.7949450239539146,10.564177740365267,0.3473147633485496,1.0123477131128311,3.5057133473455906,3.952262509614229,36.68096358887851,49.525430193170905,0.291107973549515,0.6758520351722836,7.0,n/a,2,FRONTIER,1,0,False,1
0.0,0.7954126968979836,1.3045572377741337,2.4400248117744923,0.6693724803626537,0.4145617224276066,1.4491734490729868,3.1837955228984356,1.1058493107557297,1.3659923076629639,81.9224442820996,74.49207874014974,0.19519686186686158,0.2697061710059643,9.0,n/a,2,FRONTIER,1,0,False,1
0.0,2.37386227119714,3.2237798050045967,1.6504465453326702,0.17514394409954548,5.3518112897872925,0.964793914463371,2.3098721764981747,0.5264128111302853,0.42750174552202225,121.82870076503605,99.31820386555046,0.4817645400762558,0.9189966041594744,7.0,n/a,2,FRONTIER,1,0,False,1
1.0,0.11607963591814041,0.22658653184771538,3.935925155878067,1.2970619853585958,7.29683817923069,2.082478676456958,0.38854652643203735,2.1120054498314857,2.761811550706625,10.423218249343336,26.621911791153252,0.0006492994725704193,0.012886623851954937,5.0,n/a,2,FRONTIER,1,0,False,1
1.0,1.6011484991759062,1.2190508879721165,2.87795327976346,0.6211166214197874,8.048767101019621,1.1932799126952887,0.9756768122315407,1.2687905430793762,0.09558692947030067,50.008793943561614,109.77579548489302,0.4989602784626186,0.6609529750421643,7.0,n/a,2,FRONTIER,1,0,False,1
0.0,0.8887745393440127,2.2318654656410217,0.663496695458889,1.9994357470422983,3.1031697057187557,2.0094511611387134,2.8354791291058064,3.8696582205593586,2.71116204559803,67.7234340691939,14.253578730858862,0.018642123322933912,0.254820104688406,9.0,n/a,2,FRONTIER,1,0,False,1
0.0,2.435477478429675,0.3120935969054699,3.499942183494568,1.4700737036764622,2.6615241542458534,0.5802449956536293,3.7099459506571293,2.2636093124747276,3.5266090855002403,103.98329980671406,38.4995995555073,0.30629317555576563,0.9353605378419161,7.0,n/a,2,FRONTIER,1,0,False,1
1.0,0.015373523347079754,3.2995212450623512,1.2144674472510815,0.0958973616361618,9.80878385156393,1.3732656510546803,1.6000217124819756,0.8479838781058788,1.1590738110244274,27.42890641093254,87.51341607421637,0.2073877127841115,0.029237563721835613,5.0,n/a,2,FRONTIER,1,0,False,1
