,Source Plate Name,Source Plate Type,Source Well,Destination Plate Name,Destination Well,Transfer Volume
0,Source,384PP_AQ_BP2,A03,Destination,A01,7.5
1,Source,384PP_AQ_BP2,A04,Destination,A01,90.0
2,Source,384PP_AQ_BP2,A07,Destination,A01,45.0
3,Source,384PP_AQ_BP2,A09,Destination,A01,600.0
4,Source,384PP_AQ_BP2,A10,Destination,A01,242.5
5,Source,384PP_AQ_BP2,A11,Destination,A01,45.0
6,Source,384PP_AQ_BP2,A12,Destination,A01,350.0
7,Source,384PP_AQ_BP2,A13,Destination,A01,357.5
8,Source,384PP_AQ_BP2,A16,Destination,A01,202.5
9,Source,384PP_AQ_BP2,A17,Destination,A01,5.0
10,Source,384PP_AQ_BP2,A18,Destination,A01,2000.0
11,Source,384PP_AQ_BP2,A18,Destination,A01,242.5
12,Source,384PP_AQ_BP2,A03,Destination,A02,10.0
13,Source,384PP_AQ_BP2,A04,Destination,A02,112.5
14,Source,384PP_AQ_BP2,A07,Destination,A02,50.0
15,Source,384PP_AQ_BP2,A09,Destination,A02,400.0
16,Source,384PP_AQ_BP2,A10,Destination,A02,267.5
17,Source,384PP_AQ_BP2,A11,Destination,A02,55.0
18,Source,384PP_AQ_BP2,A13,Destination,A02,447.5
19,Source,384PP_AQ_BP2,A16,Destination,A02,225.0
20,Source,384PP_AQ_BP2,A17,Destination,A02,5.0
21,Source,384PP_AQ_BP2,A18,Destination,A02,2000.0
22,Source,384PP_AQ_BP2,A18,Destination,A02,2000.0
23,Source,384PP_AQ_BP2,A18,Destination,A02,400.0
24,Source,384PP_AQ_BP2,A03,Destination,A03,10.0
25,Source,384PP_AQ_BP2,A04,Destination,A03,55.0
26,Source,384PP_AQ_BP2,A07,Destination,A03,32.5
27,Source,384PP_AQ_BP2,A09,Destination,A03,800.0
28,Source,384PP_AQ_BP2,A10,Destination,A03,267.5
29,Source,384PP_AQ_BP2,A11,Destination,A03,50.0
30,Source,384PP_AQ_BP2,A12,Destination,A03,700.0
31,Source,384PP_AQ_BP2,A13,Destination,A03,447.5
32,Source,384PP_AQ_BP2,A16,Destination,A03,202.5
33,Source,384PP_AQ_BP2,A17,Destination,A03,5.0
34,Source,384PP_AQ_BP2,A18,Destination,A03,1612.5
35,Source,384PP_AQ_BP2,A03,Destination,A04,10.0
36,Source,384PP_AQ_BP2,A04,Destination,A04,90.0
37,Source,384PP_AQ_BP2,A07,Destination,A04,40.0
38,Source,384PP_AQ_BP2,A09,Destination,A04,600.0
39,Source,384PP_AQ_BP2,A10,Destination,A04,242.5
40,Source,384PP_AQ_BP2,A11,Destination,A04,45.0
41,Source,384PP_AQ_BP2,A12,Destination,A04,175.0
42,Source,384PP_AQ_BP2,A13,Destination,A04,402.5
43,Source,384PP_AQ_BP2,A16,Destination,A04,112.5
44,Source,384PP_AQ_BP2,A17,Destination,A04,5.0
45,Source,384PP_AQ_BP2,A18,Destination,A04,2000.0
46,Source,384PP_AQ_BP2,A18,Destination,A04,465.0
47,Source,384PP_AQ_BP2,A03,Destination,A05,7.5
48,Source,384PP_AQ_BP2,A04,Destination,A05,100.0
49,Source,384PP_AQ_BP2,A07,Destination,A05,45.0
50,Source,384PP_AQ_BP2,A09,Destination,A05,600.0
51,Source,384PP_AQ_BP2,A10,Destination,A05,242.5
52,Source,384PP_AQ_BP2,A11,Destination,A05,27.5
53,Source,384PP_AQ_BP2,A12,Destination,A05,175.0
54,Source,384PP_AQ_BP2,A13,Destination,A05,357.5
55,Source,384PP_AQ_BP2,A16,Destination,A05,180.0
56,Source,384PP_AQ_BP2,A17,Destination,A05,5.0
57,Source,384PP_AQ_BP2,A18,Destination,A05,2000.0
58,Source,384PP_AQ_BP2,A18,Destination,A05,445.0
59,Source,384PP_AQ_BP2,A03,Destination,A06,10.0
60,Source,384PP_AQ_BP2,A04,Destination,A06,112.5
61,Source,384PP_AQ_BP2,A07,Destination,A06,40.0
62,Source,384PP_AQ_BP2,A09,Destination,A06,200.0
63,Source,384PP_AQ_BP2,A10,Destination,A06,187.5
64,Source,384PP_AQ_BP2,A11,Destination,A06,45.0
65,Source,384PP_AQ_BP2,A12,Destination,A06,350.0
66,Source,384PP_AQ_BP2,A13,Destination,A06,312.5
67,Source,384PP_AQ_BP2,A16,Destination,A06,135.0
68,Source,384PP_AQ_BP2,A17,Destination,A06,5.0
69,Source,384PP_AQ_BP2,A18,Destination,A06,2000.0
70,Source,384PP_AQ_BP2,A18,Destination,A06,2000.0
71,Source,384PP_AQ_BP2,A18,Destination,A06,577.5
72,Source,384PP_AQ_BP2,A03,Destination,A07,10.0
73,Source,384PP_AQ_BP2,A04,Destination,A07,112.5
74,Source,384PP_AQ_BP2,A07,Destination,A07,45.0
75,Source,384PP_AQ_BP2,A09,Destination,A07,400.0
76,Source,384PP_AQ_BP2,A10,Destination,A07,242.5
77,Source,384PP_AQ_BP2,A11,Destination,A07,55.0
78,Source,384PP_AQ_BP2,A12,Destination,A07,175.0
79,Source,384PP_AQ_BP2,A13,Destination,A07,267.5
80,Source,384PP_AQ_BP2,A16,Destination,A07,180.0
81,Source,384PP_AQ_BP2,A17,Destination,A07,5.0
82,Source,384PP_AQ_BP2,A18,Destination,A07,2000.0
83,Source,384PP_AQ_BP2,A18,Destination,A07,692.5
84,Source,384PP_AQ_BP2,A03,Destination,A08,10.0
85,Source,384PP_AQ_BP2,A04,Destination,A08,67.5
86,Source,384PP_AQ_BP2,A07,Destination,A08,27.5
87,Source,384PP_AQ_BP2,A09,Destination,A08,400.0
88,Source,384PP_AQ_BP2,A10,Destination,A08,215.0
89,Source,384PP_AQ_BP2,A11,Destination,A08,55.0
90,Source,384PP_AQ_BP2,A12,Destination,A08,700.0
91,Source,384PP_AQ_BP2,A13,Destination,A08,357.5
92,Source,384PP_AQ_BP2,A16,Destination,A08,157.5
93,Source,384PP_AQ_BP2,A17,Destination,A08,5.0
94,Source,384PP_AQ_BP2,A18,Destination,A08,2000.0
95,Source,384PP_AQ_BP2,A18,Destination,A08,190.0
96,Source,384PP_AQ_BP2,A03,Destination,A09,10.0
97,Source,384PP_AQ_BP2,A04,Destination,A09,90.0
98,Source,384PP_AQ_BP2,A07,Destination,A09,32.5
99,Source,384PP_AQ_BP2,A09,Destination,A09,800.0
100,Source,384PP_AQ_BP2,A10,Destination,A09,242.5
101,Source,384PP_AQ_BP2,A11,Destination,A09,40.0
102,Source,384PP_AQ_BP2,A12,Destination,A09,875.0
103,Source,384PP_AQ_BP2,A13,Destination,A09,312.5
104,Source,384PP_AQ_BP2,A16,Destination,A09,202.5
105,Source,384PP_AQ_BP2,A17,Destination,A09,5.0
106,Source,384PP_AQ_BP2,A18,Destination,A09,1577.5
107,Source,384PP_AQ_BP2,A03,Destination,A10,10.0
108,Source,384PP_AQ_BP2,A04,Destination,A10,77.5
109,Source,384PP_AQ_BP2,A07,Destination,A10,45.0
110,Source,384PP_AQ_BP2,A09,Destination,A10,800.0
111,Source,384PP_AQ_BP2,A10,Destination,A10,267.5
112,Source,384PP_AQ_BP2,A11,Destination,A10,40.0
113,Source,384PP_AQ_BP2,A12,Destination,A10,175.0
114,Source,384PP_AQ_BP2,A13,Destination,A10,402.5
115,Source,384PP_AQ_BP2,A16,Destination,A10,90.0
116,Source,384PP_AQ_BP2,A17,Destination,A10,5.0
117,Source,384PP_AQ_BP2,A18,Destination,A10,2000.0
118,Source,384PP_AQ_BP2,A18,Destination,A10,272.5
119,Source,384PP_AQ_BP2,A03,Destination,A11,7.5
120,Source,384PP_AQ_BP2,A04,Destination,A11,55.0
121,Source,384PP_AQ_BP2,A07,Destination,A11,50.0
122,Source,384PP_AQ_BP2,A09,Destination,A11,600.0
123,Source,384PP_AQ_BP2,A10,Destination,A11,242.5
124,Source,384PP_AQ_BP2,A11,Destination,A11,55.0
125,Source,384PP_AQ_BP2,A12,Destination,A11,175.0
126,Source,384PP_AQ_BP2,A13,Destination,A11,357.5
127,Source,384PP_AQ_BP2,A16,Destination,A11,157.5
128,Source,384PP_AQ_BP2,A17,Destination,A11,5.0
129,Source,384PP_AQ_BP2,A18,Destination,A11,2000.0
130,Source,384PP_AQ_BP2,A18,Destination,A11,480.0
131,Source,384PP_AQ_BP2,A03,Destination,A12,7.5
132,Source,384PP_AQ_BP2,A04,Destination,A12,45.0
133,Source,384PP_AQ_BP2,A09,Destination,A12,2000.0
134,Source,384PP_AQ_BP2,A10,Destination,A12,135.0
135,Source,384PP_AQ_BP2,A11,Destination,A12,5.0
136,Source,384PP_AQ_BP2,A12,Destination,A12,1750.0
137,Source,384PP_AQ_BP2,A13,Destination,A12,180.0
138,Source,384PP_AQ_BP2,A16,Destination,A12,67.5
139,Source,384PP_AQ_BP2,A17,Destination,A12,5.0
140,Source,384PP_AQ_BP2,A03,Destination,A13,7.5
141,Source,384PP_AQ_BP2,A04,Destination,A13,67.5
142,Source,384PP_AQ_BP2,A07,Destination,A13,27.5
143,Source,384PP_AQ_BP2,A09,Destination,A13,200.0
144,Source,384PP_AQ_BP2,A10,Destination,A13,107.5
145,Source,384PP_AQ_BP2,A11,Destination,A13,40.0
146,Source,384PP_AQ_BP2,A12,Destination,A13,350.0
147,Source,384PP_AQ_BP2,A13,Destination,A13,357.5
148,Source,384PP_AQ_BP2,A16,Destination,A13,45.0
149,Source,384PP_AQ_BP2,A17,Destination,A13,2.5
150,Source,384PP_AQ_BP2,A18,Destination,A13,2000.0
151,Source,384PP_AQ_BP2,A18,Destination,A13,982.5
152,Source,384PP_AQ_BP2,A03,Destination,A14,7.5
153,Source,384PP_AQ_BP2,A04,Destination,A14,67.5
154,Source,384PP_AQ_BP2,A07,Destination,A14,27.5
155,Source,384PP_AQ_BP2,A09,Destination,A14,200.0
156,Source,384PP_AQ_BP2,A10,Destination,A14,107.5
157,Source,384PP_AQ_BP2,A11,Destination,A14,40.0
158,Source,384PP_AQ_BP2,A12,Destination,A14,350.0
159,Source,384PP_AQ_BP2,A13,Destination,A14,357.5
160,Source,384PP_AQ_BP2,A16,Destination,A14,22.5
161,Source,384PP_AQ_BP2,A17,Destination,A14,2.5
162,Source,384PP_AQ_BP2,A18,Destination,A14,2000.0
163,Source,384PP_AQ_BP2,A18,Destination,A14,1005.0
164,Source,384PP_AQ_BP2,A19,Destination,A15,2000.0
165,Source,384PP_AQ_BP2,A19,Destination,A15,2000.0
166,Source,384PP_AQ_BP2,A19,Destination,A15,1977.5
167,Source,384PP_AQ_BP2,A03,Destination,A16,10.0
168,Source,384PP_AQ_BP2,A04,Destination,A16,112.5
169,Source,384PP_AQ_BP2,A07,Destination,A16,40.0
170,Source,384PP_AQ_BP2,A09,Destination,A16,200.0
171,Source,384PP_AQ_BP2,A10,Destination,A16,267.5
172,Source,384PP_AQ_BP2,A11,Destination,A16,55.0
173,Source,384PP_AQ_BP2,A12,Destination,A16,175.0
174,Source,384PP_AQ_BP2,A13,Destination,A16,402.5
175,Source,384PP_AQ_BP2,A16,Destination,A16,202.5
176,Source,384PP_AQ_BP2,A17,Destination,A16,5.0
177,Source,384PP_AQ_BP2,A19,Destination,A16,2000.0
178,Source,384PP_AQ_BP2,A19,Destination,A16,2000.0
179,Source,384PP_AQ_BP2,A19,Destination,A16,505.0
180,Source,384PP_AQ_BP2,A03,Destination,A17,10.0
181,Source,384PP_AQ_BP2,A04,Destination,A17,77.5
182,Source,384PP_AQ_BP2,A07,Destination,A17,32.5
183,Source,384PP_AQ_BP2,A09,Destination,A17,800.0
184,Source,384PP_AQ_BP2,A10,Destination,A17,242.5
185,Source,384PP_AQ_BP2,A11,Destination,A17,40.0
186,Source,384PP_AQ_BP2,A12,Destination,A17,875.0
187,Source,384PP_AQ_BP2,A13,Destination,A17,312.5
188,Source,384PP_AQ_BP2,A16,Destination,A17,202.5
189,Source,384PP_AQ_BP2,A17,Destination,A17,5.0
190,Source,384PP_AQ_BP2,A19,Destination,A17,1590.0
191,Source,384PP_AQ_BP2,A03,Destination,A18,27.5
192,Source,384PP_AQ_BP2,A04,Destination,A18,280.0
193,Source,384PP_AQ_BP2,A19,Destination,A18,2000.0
194,Source,384PP_AQ_BP2,A19,Destination,A18,2000.0
195,Source,384PP_AQ_BP2,A19,Destination,A18,1667.5
196,Source,384PP_AQ_BP2,A03,Destination,A19,27.5
197,Source,384PP_AQ_BP2,A04,Destination,A19,280.0
198,Source,384PP_AQ_BP2,A19,Destination,A19,2000.0
199,Source,384PP_AQ_BP2,A19,Destination,A19,2000.0
200,Source,384PP_AQ_BP2,A19,Destination,A19,1667.5
201,Source,384PP_AQ_BP2,A03,Destination,A20,7.5
202,Source,384PP_AQ_BP2,A04,Destination,A20,90.0
203,Source,384PP_AQ_BP2,A07,Destination,A20,45.0
204,Source,384PP_AQ_BP2,A09,Destination,A20,600.0
205,Source,384PP_AQ_BP2,A10,Destination,A20,242.5
206,Source,384PP_AQ_BP2,A11,Destination,A20,27.5
207,Source,384PP_AQ_BP2,A12,Destination,A20,175.0
208,Source,384PP_AQ_BP2,A13,Destination,A20,357.5
209,Source,384PP_AQ_BP2,A16,Destination,A20,180.0
210,Source,384PP_AQ_BP2,A17,Destination,A20,5.0
211,Source,384PP_AQ_BP2,A19,Destination,A20,2000.0
212,Source,384PP_AQ_BP2,A19,Destination,A20,455.0
213,Source,384PP_AQ_BP2,A03,Destination,A21,7.5
214,Source,384PP_AQ_BP2,A04,Destination,A21,77.5
215,Source,384PP_AQ_BP2,A07,Destination,A21,17.5
216,Source,384PP_AQ_BP2,A09,Destination,A21,1000.0
217,Source,384PP_AQ_BP2,A10,Destination,A21,215.0
218,Source,384PP_AQ_BP2,A11,Destination,A21,32.5
219,Source,384PP_AQ_BP2,A12,Destination,A21,1050.0
220,Source,384PP_AQ_BP2,A13,Destination,A21,225.0
221,Source,384PP_AQ_BP2,A16,Destination,A21,157.5
222,Source,384PP_AQ_BP2,A17,Destination,A21,2.5
223,Source,384PP_AQ_BP2,A19,Destination,A21,1400.0
224,Source,384PP_AQ_BP2,A03,Destination,A22,5.0
225,Source,384PP_AQ_BP2,A04,Destination,A22,77.5
226,Source,384PP_AQ_BP2,A07,Destination,A22,50.0
227,Source,384PP_AQ_BP2,A09,Destination,A22,400.0
228,Source,384PP_AQ_BP2,A10,Destination,A22,187.5
229,Source,384PP_AQ_BP2,A11,Destination,A22,55.0
230,Source,384PP_AQ_BP2,A12,Destination,A22,875.0
231,Source,384PP_AQ_BP2,A13,Destination,A22,357.5
232,Source,384PP_AQ_BP2,A16,Destination,A22,135.0
233,Source,384PP_AQ_BP2,A17,Destination,A22,2.5
234,Source,384PP_AQ_BP2,A19,Destination,A22,2000.0
235,Source,384PP_AQ_BP2,A19,Destination,A22,1830.0
236,Source,384PP_AQ_BP2,A03,Destination,A23,10.0
237,Source,384PP_AQ_BP2,A04,Destination,A23,90.0
238,Source,384PP_AQ_BP2,A07,Destination,A23,40.0
239,Source,384PP_AQ_BP2,A09,Destination,A23,200.0
240,Source,384PP_AQ_BP2,A10,Destination,A23,215.0
241,Source,384PP_AQ_BP2,A11,Destination,A23,50.0
242,Source,384PP_AQ_BP2,A12,Destination,A23,175.0
243,Source,384PP_AQ_BP2,A13,Destination,A23,357.5
244,Source,384PP_AQ_BP2,A16,Destination,A23,202.5
245,Source,384PP_AQ_BP2,A17,Destination,A23,5.0
246,Source,384PP_AQ_BP2,A19,Destination,A23,2000.0
247,Source,384PP_AQ_BP2,A19,Destination,A23,840.0
248,Source,384PP_AQ_BP2,A20,Destination,A24,2000.0
249,Source,384PP_AQ_BP2,A20,Destination,A24,2000.0
250,Source,384PP_AQ_BP2,A20,Destination,A24,1977.5
251,Source,384PP_AQ_BP2,A03,Destination,B19,27.5
252,Source,384PP_AQ_BP2,A04,Destination,B19,280.0
253,Source,384PP_AQ_BP2,A20,Destination,B19,2000.0
254,Source,384PP_AQ_BP2,A20,Destination,B19,2000.0
255,Source,384PP_AQ_BP2,A20,Destination,B19,1667.5
256,Source,384PP_AQ_BP2,A03,Destination,B18,10.0
257,Source,384PP_AQ_BP2,A04,Destination,B18,90.0
258,Source,384PP_AQ_BP2,A07,Destination,B18,45.0
259,Source,384PP_AQ_BP2,A09,Destination,B18,200.0
260,Source,384PP_AQ_BP2,A10,Destination,B18,215.0
261,Source,384PP_AQ_BP2,A11,Destination,B18,50.0
262,Source,384PP_AQ_BP2,A12,Destination,B18,175.0
263,Source,384PP_AQ_BP2,A13,Destination,B18,357.5
264,Source,384PP_AQ_BP2,A16,Destination,B18,202.5
265,Source,384PP_AQ_BP2,A17,Destination,B18,5.0
266,Source,384PP_AQ_BP2,A20,Destination,B18,2000.0
267,Source,384PP_AQ_BP2,A20,Destination,B18,835.0
268,Source,384PP_AQ_BP2,A03,Destination,B17,10.0
269,Source,384PP_AQ_BP2,A04,Destination,B17,67.5
270,Source,384PP_AQ_BP2,A07,Destination,B17,22.5
271,Source,384PP_AQ_BP2,A09,Destination,B17,400.0
272,Source,384PP_AQ_BP2,A10,Destination,B17,215.0
273,Source,384PP_AQ_BP2,A11,Destination,B17,55.0
274,Source,384PP_AQ_BP2,A12,Destination,B17,700.0
275,Source,384PP_AQ_BP2,A13,Destination,B17,357.5
276,Source,384PP_AQ_BP2,A16,Destination,B17,157.5
277,Source,384PP_AQ_BP2,A17,Destination,B17,5.0
278,Source,384PP_AQ_BP2,A20,Destination,B17,2000.0
279,Source,384PP_AQ_BP2,A20,Destination,B17,195.0
280,Source,384PP_AQ_BP2,A03,Destination,B16,10.0
281,Source,384PP_AQ_BP2,A04,Destination,B16,67.5
282,Source,384PP_AQ_BP2,A07,Destination,B16,50.0
283,Source,384PP_AQ_BP2,A10,Destination,B16,215.0
284,Source,384PP_AQ_BP2,A11,Destination,B16,40.0
285,Source,384PP_AQ_BP2,A13,Destination,B16,402.5
286,Source,384PP_AQ_BP2,A16,Destination,B16,180.0
287,Source,384PP_AQ_BP2,A17,Destination,B16,2.5
288,Source,384PP_AQ_BP2,A20,Destination,B16,2000.0
289,Source,384PP_AQ_BP2,A20,Destination,B16,1217.5
290,Source,384PP_AQ_BP2,A03,Destination,B15,7.5
291,Source,384PP_AQ_BP2,A04,Destination,B15,90.0
292,Source,384PP_AQ_BP2,A07,Destination,B15,45.0
293,Source,384PP_AQ_BP2,A09,Destination,B15,400.0
294,Source,384PP_AQ_BP2,A10,Destination,B15,242.5
295,Source,384PP_AQ_BP2,A11,Destination,B15,45.0
296,Source,384PP_AQ_BP2,A12,Destination,B15,350.0
297,Source,384PP_AQ_BP2,A13,Destination,B15,357.5
298,Source,384PP_AQ_BP2,A16,Destination,B15,202.5
299,Source,384PP_AQ_BP2,A17,Destination,B15,5.0
300,Source,384PP_AQ_BP2,A20,Destination,B15,2000.0
301,Source,384PP_AQ_BP2,A20,Destination,B15,442.5
302,Source,384PP_AQ_BP2,A20,Destination,B14,2000.0
303,Source,384PP_AQ_BP2,A20,Destination,B14,2000.0
304,Source,384PP_AQ_BP2,A20,Destination,B14,1977.5
305,Source,384PP_AQ_BP2,A03,Destination,B13,7.5
306,Source,384PP_AQ_BP2,A04,Destination,B13,45.0
307,Source,384PP_AQ_BP2,A09,Destination,B13,1800.0
308,Source,384PP_AQ_BP2,A10,Destination,B13,135.0
309,Source,384PP_AQ_BP2,A11,Destination,B13,5.0
310,Source,384PP_AQ_BP2,A12,Destination,B13,1750.0
311,Source,384PP_AQ_BP2,A13,Destination,B13,180.0
312,Source,384PP_AQ_BP2,A16,Destination,B13,67.5
313,Source,384PP_AQ_BP2,A17,Destination,B13,5.0
314,Source,384PP_AQ_BP2,A20,Destination,B13,192.5
315,Source,384PP_AQ_BP2,A20,Destination,B12,2000.0
316,Source,384PP_AQ_BP2,A20,Destination,B12,2000.0
317,Source,384PP_AQ_BP2,A20,Destination,B12,1977.5
318,Source,384PP_AQ_BP2,A03,Destination,B11,10.0
319,Source,384PP_AQ_BP2,A04,Destination,B11,100.0
320,Source,384PP_AQ_BP2,A07,Destination,B11,45.0
321,Source,384PP_AQ_BP2,A09,Destination,B11,400.0
322,Source,384PP_AQ_BP2,A10,Destination,B11,242.5
323,Source,384PP_AQ_BP2,A11,Destination,B11,55.0
324,Source,384PP_AQ_BP2,A12,Destination,B11,175.0
325,Source,384PP_AQ_BP2,A13,Destination,B11,267.5
326,Source,384PP_AQ_BP2,A16,Destination,B11,180.0
327,Source,384PP_AQ_BP2,A17,Destination,B11,5.0
328,Source,384PP_AQ_BP2,A21,Destination,B11,2000.0
329,Source,384PP_AQ_BP2,A21,Destination,B11,705.0
330,Source,384PP_AQ_BP2,A03,Destination,B10,27.5
331,Source,384PP_AQ_BP2,A04,Destination,B10,280.0
332,Source,384PP_AQ_BP2,A21,Destination,B10,2000.0
333,Source,384PP_AQ_BP2,A21,Destination,B10,2000.0
334,Source,384PP_AQ_BP2,A21,Destination,B10,1667.5
335,Source,384PP_AQ_BP2,A03,Destination,B09,7.5
336,Source,384PP_AQ_BP2,A04,Destination,B09,77.5
337,Source,384PP_AQ_BP2,A07,Destination,B09,17.5
338,Source,384PP_AQ_BP2,A09,Destination,B09,1000.0
339,Source,384PP_AQ_BP2,A10,Destination,B09,215.0
340,Source,384PP_AQ_BP2,A11,Destination,B09,32.5
341,Source,384PP_AQ_BP2,A12,Destination,B09,1050.0
342,Source,384PP_AQ_BP2,A13,Destination,B09,225.0
343,Source,384PP_AQ_BP2,A16,Destination,B09,157.5
344,Source,384PP_AQ_BP2,A17,Destination,B09,2.5
345,Source,384PP_AQ_BP2,A21,Destination,B09,1402.5
346,Source,384PP_AQ_BP2,A03,Destination,B08,10.0
347,Source,384PP_AQ_BP2,A04,Destination,B08,67.5
348,Source,384PP_AQ_BP2,A07,Destination,B08,32.5
349,Source,384PP_AQ_BP2,A09,Destination,B08,800.0
350,Source,384PP_AQ_BP2,A10,Destination,B08,267.5
351,Source,384PP_AQ_BP2,A11,Destination,B08,50.0
352,Source,384PP_AQ_BP2,A12,Destination,B08,700.0
353,Source,384PP_AQ_BP2,A13,Destination,B08,447.5
354,Source,384PP_AQ_BP2,A16,Destination,B08,202.5
355,Source,384PP_AQ_BP2,A17,Destination,B08,5.0
356,Source,384PP_AQ_BP2,A21,Destination,B08,1602.5
357,Source,384PP_AQ_BP2,A03,Destination,B07,10.0
358,Source,384PP_AQ_BP2,A04,Destination,B07,67.5
359,Source,384PP_AQ_BP2,A07,Destination,B07,50.0
360,Source,384PP_AQ_BP2,A10,Destination,B07,215.0
361,Source,384PP_AQ_BP2,A11,Destination,B07,40.0
362,Source,384PP_AQ_BP2,A13,Destination,B07,402.5
363,Source,384PP_AQ_BP2,A16,Destination,B07,180.0
364,Source,384PP_AQ_BP2,A17,Destination,B07,5.0
365,Source,384PP_AQ_BP2,A21,Destination,B07,2000.0
366,Source,384PP_AQ_BP2,A21,Destination,B07,1217.5
367,Source,384PP_AQ_BP2,A03,Destination,B06,5.0
368,Source,384PP_AQ_BP2,A04,Destination,B06,77.5
369,Source,384PP_AQ_BP2,A07,Destination,B06,50.0
370,Source,384PP_AQ_BP2,A09,Destination,B06,400.0
371,Source,384PP_AQ_BP2,A10,Destination,B06,187.5
372,Source,384PP_AQ_BP2,A11,Destination,B06,55.0
373,Source,384PP_AQ_BP2,A12,Destination,B06,875.0
374,Source,384PP_AQ_BP2,A13,Destination,B06,357.5
375,Source,384PP_AQ_BP2,A16,Destination,B06,157.5
376,Source,384PP_AQ_BP2,A17,Destination,B06,2.5
377,Source,384PP_AQ_BP2,A21,Destination,B06,2000.0
378,Source,384PP_AQ_BP2,A21,Destination,B06,1807.5
379,Source,384PP_AQ_BP2,A21,Destination,B05,2000.0
380,Source,384PP_AQ_BP2,A21,Destination,B05,2000.0
381,Source,384PP_AQ_BP2,A21,Destination,B05,1977.5
382,Source,384PP_AQ_BP2,A03,Destination,B04,7.5
383,Source,384PP_AQ_BP2,A04,Destination,B04,55.0
384,Source,384PP_AQ_BP2,A07,Destination,B04,50.0
385,Source,384PP_AQ_BP2,A09,Destination,B04,800.0
386,Source,384PP_AQ_BP2,A10,Destination,B04,242.5
387,Source,384PP_AQ_BP2,A11,Destination,B04,55.0
388,Source,384PP_AQ_BP2,A12,Destination,B04,175.0
389,Source,384PP_AQ_BP2,A13,Destination,B04,357.5
390,Source,384PP_AQ_BP2,A16,Destination,B04,157.5
391,Source,384PP_AQ_BP2,A17,Destination,B04,5.0
392,Source,384PP_AQ_BP2,A21,Destination,B04,2000.0
393,Source,384PP_AQ_BP2,A21,Destination,B04,280.0
394,Source,384PP_AQ_BP2,A03,Destination,B03,27.5
395,Source,384PP_AQ_BP2,A04,Destination,B03,280.0
396,Source,384PP_AQ_BP2,A21,Destination,B03,2000.0
397,Source,384PP_AQ_BP2,A21,Destination,B03,2000.0
398,Source,384PP_AQ_BP2,A21,Destination,B03,1667.5
399,Source,384PP_AQ_BP2,A22,Destination,B02,2000.0
400,Source,384PP_AQ_BP2,A22,Destination,B02,2000.0
401,Source,384PP_AQ_BP2,A22,Destination,B02,1977.5
402,Source,384PP_AQ_BP2,A03,Destination,B01,10.0
403,Source,384PP_AQ_BP2,A04,Destination,B01,112.5
404,Source,384PP_AQ_BP2,A07,Destination,B01,40.0
405,Source,384PP_AQ_BP2,A09,Destination,B01,200.0
406,Source,384PP_AQ_BP2,A10,Destination,B01,187.5
407,Source,384PP_AQ_BP2,A11,Destination,B01,45.0
408,Source,384PP_AQ_BP2,A12,Destination,B01,350.0
409,Source,384PP_AQ_BP2,A13,Destination,B01,312.5
410,Source,384PP_AQ_BP2,A16,Destination,B01,157.5
411,Source,384PP_AQ_BP2,A17,Destination,B01,5.0
412,Source,384PP_AQ_BP2,A22,Destination,B01,2000.0
413,Source,384PP_AQ_BP2,A22,Destination,B01,2000.0
414,Source,384PP_AQ_BP2,A22,Destination,B01,555.0
415,Source,384PP_AQ_BP2,A22,Destination,C01,2000.0
416,Source,384PP_AQ_BP2,A22,Destination,C01,2000.0
417,Source,384PP_AQ_BP2,A22,Destination,C01,1977.5
418,Source,384PP_AQ_BP2,A03,Destination,C02,10.0
419,Source,384PP_AQ_BP2,A04,Destination,C02,90.0
420,Source,384PP_AQ_BP2,A07,Destination,C02,55.0
421,Source,384PP_AQ_BP2,A10,Destination,C02,215.0
422,Source,384PP_AQ_BP2,A11,Destination,C02,27.5
423,Source,384PP_AQ_BP2,A12,Destination,C02,1050.0
424,Source,384PP_AQ_BP2,A13,Destination,C02,357.5
425,Source,384PP_AQ_BP2,A16,Destination,C02,225.0
426,Source,384PP_AQ_BP2,A17,Destination,C02,5.0
427,Source,384PP_AQ_BP2,A22,Destination,C02,2000.0
428,Source,384PP_AQ_BP2,A22,Destination,C02,150.0
429,Source,384PP_AQ_BP2,A03,Destination,C03,10.0
430,Source,384PP_AQ_BP2,A04,Destination,C03,100.0
431,Source,384PP_AQ_BP2,A07,Destination,C03,55.0
432,Source,384PP_AQ_BP2,A09,Destination,C03,200.0
433,Source,384PP_AQ_BP2,A10,Destination,C03,242.5
434,Source,384PP_AQ_BP2,A11,Destination,C03,45.0
435,Source,384PP_AQ_BP2,A12,Destination,C03,175.0
436,Source,384PP_AQ_BP2,A13,Destination,C03,402.5
437,Source,384PP_AQ_BP2,A16,Destination,C03,225.0
438,Source,384PP_AQ_BP2,A17,Destination,C03,5.0
439,Source,384PP_AQ_BP2,A22,Destination,C03,2000.0
440,Source,384PP_AQ_BP2,A22,Destination,C03,725.0
441,Source,384PP_AQ_BP2,A03,Destination,C04,10.0
442,Source,384PP_AQ_BP2,A04,Destination,C04,112.5
443,Source,384PP_AQ_BP2,A07,Destination,C04,50.0
444,Source,384PP_AQ_BP2,A10,Destination,C04,242.5
445,Source,384PP_AQ_BP2,A11,Destination,C04,50.0
446,Source,384PP_AQ_BP2,A12,Destination,C04,350.0
447,Source,384PP_AQ_BP2,A13,Destination,C04,402.5
448,Source,384PP_AQ_BP2,A16,Destination,C04,202.5
449,Source,384PP_AQ_BP2,A17,Destination,C04,5.0
450,Source,384PP_AQ_BP2,A22,Destination,C04,2000.0
451,Source,384PP_AQ_BP2,A22,Destination,C04,760.0
452,Source,384PP_AQ_BP2,A03,Destination,C05,7.5
453,Source,384PP_AQ_BP2,A04,Destination,C05,90.0
454,Source,384PP_AQ_BP2,A07,Destination,C05,50.0
455,Source,384PP_AQ_BP2,A09,Destination,C05,400.0
456,Source,384PP_AQ_BP2,A10,Destination,C05,242.5
457,Source,384PP_AQ_BP2,A11,Destination,C05,50.0
458,Source,384PP_AQ_BP2,A12,Destination,C05,350.0
459,Source,384PP_AQ_BP2,A13,Destination,C05,402.5
460,Source,384PP_AQ_BP2,A16,Destination,C05,202.5
461,Source,384PP_AQ_BP2,A17,Destination,C05,5.0
462,Source,384PP_AQ_BP2,A22,Destination,C05,2000.0
463,Source,384PP_AQ_BP2,A22,Destination,C05,387.5
464,Source,384PP_AQ_BP2,A22,Destination,C06,2000.0
465,Source,384PP_AQ_BP2,A22,Destination,C06,2000.0
466,Source,384PP_AQ_BP2,A22,Destination,C06,1977.5
467,Source,384PP_AQ_BP2,A03,Destination,C07,10.0
468,Source,384PP_AQ_BP2,A04,Destination,C07,100.0
469,Source,384PP_AQ_BP2,A07,Destination,C07,50.0
470,Source,384PP_AQ_BP2,A09,Destination,C07,200.0
471,Source,384PP_AQ_BP2,A10,Destination,C07,242.5
472,Source,384PP_AQ_BP2,A11,Destination,C07,45.0
473,Source,384PP_AQ_BP2,A12,Destination,C07,175.0
474,Source,384PP_AQ_BP2,A13,Destination,C07,402.5
475,Source,384PP_AQ_BP2,A16,Destination,C07,225.0
476,Source,384PP_AQ_BP2,A17,Destination,C07,5.0
477,Source,384PP_AQ_BP2,A22,Destination,C07,2000.0
478,Source,384PP_AQ_BP2,A22,Destination,C07,730.0
479,Source,384PP_AQ_BP2,A03,Destination,C08,10.0
480,Source,384PP_AQ_BP2,A04,Destination,C08,45.0
481,Source,384PP_AQ_BP2,A07,Destination,C08,45.0
482,Source,384PP_AQ_BP2,A09,Destination,C08,1800.0
483,Source,384PP_AQ_BP2,A10,Destination,C08,135.0
484,Source,384PP_AQ_BP2,A11,Destination,C08,32.5
485,Source,384PP_AQ_BP2,A12,Destination,C08,700.0
486,Source,384PP_AQ_BP2,A13,Destination,C08,135.0
487,Source,384PP_AQ_BP2,A16,Destination,C08,135.0
488,Source,384PP_AQ_BP2,A17,Destination,C08,5.0
489,Source,384PP_AQ_BP2,A22,Destination,C08,1147.5
490,Source,384PP_AQ_BP2,A03,Destination,C09,10.0
491,Source,384PP_AQ_BP2,A04,Destination,C09,112.5
492,Source,384PP_AQ_BP2,A07,Destination,C09,55.0
493,Source,384PP_AQ_BP2,A09,Destination,C09,200.0
494,Source,384PP_AQ_BP2,A10,Destination,C09,267.5
495,Source,384PP_AQ_BP2,A11,Destination,C09,50.0
496,Source,384PP_AQ_BP2,A12,Destination,C09,175.0
497,Source,384PP_AQ_BP2,A13,Destination,C09,447.5
498,Source,384PP_AQ_BP2,A16,Destination,C09,202.5
499,Source,384PP_AQ_BP2,A17,Destination,C09,5.0
500,Source,384PP_AQ_BP2,A23,Destination,C09,2000.0
501,Source,384PP_AQ_BP2,A23,Destination,C09,2000.0
502,Source,384PP_AQ_BP2,A23,Destination,C09,450.0
503,Source,384PP_AQ_BP2,A03,Destination,C10,10.0
504,Source,384PP_AQ_BP2,A04,Destination,C10,112.5
505,Source,384PP_AQ_BP2,A07,Destination,C10,50.0
506,Source,384PP_AQ_BP2,A10,Destination,C10,267.5
507,Source,384PP_AQ_BP2,A11,Destination,C10,50.0
508,Source,384PP_AQ_BP2,A13,Destination,C10,402.5
509,Source,384PP_AQ_BP2,A16,Destination,C10,225.0
510,Source,384PP_AQ_BP2,A17,Destination,C10,5.0
511,Source,384PP_AQ_BP2,A23,Destination,C10,2000.0
512,Source,384PP_AQ_BP2,A23,Destination,C10,2000.0
513,Source,384PP_AQ_BP2,A23,Destination,C10,852.5
514,Source,384PP_AQ_BP2,A03,Destination,C11,10.0
515,Source,384PP_AQ_BP2,A04,Destination,C11,90.0
516,Source,384PP_AQ_BP2,A07,Destination,C11,50.0
517,Source,384PP_AQ_BP2,A09,Destination,C11,800.0
518,Source,384PP_AQ_BP2,A10,Destination,C11,187.5
519,Source,384PP_AQ_BP2,A11,Destination,C11,32.5
520,Source,384PP_AQ_BP2,A12,Destination,C11,700.0
521,Source,384PP_AQ_BP2,A13,Destination,C11,312.5
522,Source,384PP_AQ_BP2,A16,Destination,C11,202.5
523,Source,384PP_AQ_BP2,A17,Destination,C11,5.0
524,Source,384PP_AQ_BP2,A23,Destination,C11,2000.0
525,Source,384PP_AQ_BP2,A23,Destination,C11,1587.5
526,Source,384PP_AQ_BP2,A03,Destination,C12,10.0
527,Source,384PP_AQ_BP2,A04,Destination,C12,77.5
528,Source,384PP_AQ_BP2,A07,Destination,C12,45.0
529,Source,384PP_AQ_BP2,A09,Destination,C12,800.0
530,Source,384PP_AQ_BP2,A10,Destination,C12,267.5
531,Source,384PP_AQ_BP2,A11,Destination,C12,40.0
532,Source,384PP_AQ_BP2,A12,Destination,C12,175.0
533,Source,384PP_AQ_BP2,A13,Destination,C12,402.5
534,Source,384PP_AQ_BP2,A16,Destination,C12,90.0
535,Source,384PP_AQ_BP2,A17,Destination,C12,5.0
536,Source,384PP_AQ_BP2,A23,Destination,C12,2000.0
537,Source,384PP_AQ_BP2,A23,Destination,C12,272.5
538,Source,384PP_AQ_BP2,A03,Destination,C13,7.5
539,Source,384PP_AQ_BP2,A04,Destination,C13,90.0
540,Source,384PP_AQ_BP2,A07,Destination,C13,50.0
541,Source,384PP_AQ_BP2,A09,Destination,C13,400.0
542,Source,384PP_AQ_BP2,A10,Destination,C13,160.0
543,Source,384PP_AQ_BP2,A11,Destination,C13,40.0
544,Source,384PP_AQ_BP2,A12,Destination,C13,175.0
545,Source,384PP_AQ_BP2,A13,Destination,C13,402.5
546,Source,384PP_AQ_BP2,A16,Destination,C13,112.5
547,Source,384PP_AQ_BP2,A17,Destination,C13,5.0
548,Source,384PP_AQ_BP2,A23,Destination,C13,2000.0
549,Source,384PP_AQ_BP2,A23,Destination,C13,742.5
550,Source,384PP_AQ_BP2,A03,Destination,C14,27.5
551,Source,384PP_AQ_BP2,A04,Destination,C14,280.0
552,Source,384PP_AQ_BP2,A23,Destination,C14,2000.0
553,Source,384PP_AQ_BP2,A23,Destination,C14,2000.0
554,Source,384PP_AQ_BP2,A23,Destination,C14,1667.5
555,Source,384PP_AQ_BP2,A03,Destination,C15,27.5
556,Source,384PP_AQ_BP2,A04,Destination,C15,280.0
557,Source,384PP_AQ_BP2,A23,Destination,C15,2000.0
558,Source,384PP_AQ_BP2,A23,Destination,C15,2000.0
559,Source,384PP_AQ_BP2,A23,Destination,C15,1667.5
560,Source,384PP_AQ_BP2,A03,Destination,C16,10.0
561,Source,384PP_AQ_BP2,A04,Destination,C16,112.5
562,Source,384PP_AQ_BP2,A07,Destination,C16,50.0
563,Source,384PP_AQ_BP2,A10,Destination,C16,215.0
564,Source,384PP_AQ_BP2,A11,Destination,C16,50.0
565,Source,384PP_AQ_BP2,A13,Destination,C16,447.5
566,Source,384PP_AQ_BP2,A16,Destination,C16,225.0
567,Source,384PP_AQ_BP2,A17,Destination,C16,5.0
568,Source,384PP_AQ_BP2,A23,Destination,C16,2000.0
569,Source,384PP_AQ_BP2,A23,Destination,C16,2000.0
570,Source,384PP_AQ_BP2,A23,Destination,C16,860.0
571,Source,384PP_AQ_BP2,A03,Destination,C17,10.0
572,Source,384PP_AQ_BP2,A04,Destination,C17,90.0
573,Source,384PP_AQ_BP2,A07,Destination,C17,50.0
574,Source,384PP_AQ_BP2,A09,Destination,C17,800.0
575,Source,384PP_AQ_BP2,A10,Destination,C17,187.5
576,Source,384PP_AQ_BP2,A11,Destination,C17,40.0
577,Source,384PP_AQ_BP2,A12,Destination,C17,700.0
578,Source,384PP_AQ_BP2,A13,Destination,C17,312.5
579,Source,384PP_AQ_BP2,A16,Destination,C17,202.5
580,Source,384PP_AQ_BP2,A17,Destination,C17,5.0
581,Source,384PP_AQ_BP2,A23,Destination,C17,2000.0
582,Source,384PP_AQ_BP2,A23,Destination,C17,1582.5
583,Source,384PP_AQ_BP2,A03,Destination,C18,10.0
584,Source,384PP_AQ_BP2,A04,Destination,C18,100.0
585,Source,384PP_AQ_BP2,A07,Destination,C18,55.0
586,Source,384PP_AQ_BP2,A09,Destination,C18,200.0
587,Source,384PP_AQ_BP2,A10,Destination,C18,215.0
588,Source,384PP_AQ_BP2,A11,Destination,C18,50.0
589,Source,384PP_AQ_BP2,A13,Destination,C18,447.5
590,Source,384PP_AQ_BP2,A16,Destination,C18,225.0
591,Source,384PP_AQ_BP2,A17,Destination,C18,5.0
592,Source,384PP_AQ_BP2,A24,Destination,C18,2000.0
593,Source,384PP_AQ_BP2,A24,Destination,C18,875.0
594,Source,384PP_AQ_BP2,A03,Destination,C19,27.5
595,Source,384PP_AQ_BP2,A04,Destination,C19,280.0
596,Source,384PP_AQ_BP2,A24,Destination,C19,2000.0
597,Source,384PP_AQ_BP2,A24,Destination,C19,2000.0
598,Source,384PP_AQ_BP2,A24,Destination,C19,1667.5
599,Source,384PP_AQ_BP2,A03,Destination,C20,10.0
600,Source,384PP_AQ_BP2,A04,Destination,C20,112.5
601,Source,384PP_AQ_BP2,A07,Destination,C20,50.0
602,Source,384PP_AQ_BP2,A09,Destination,C20,200.0
603,Source,384PP_AQ_BP2,A10,Destination,C20,187.5
604,Source,384PP_AQ_BP2,A11,Destination,C20,45.0
605,Source,384PP_AQ_BP2,A12,Destination,C20,175.0
606,Source,384PP_AQ_BP2,A13,Destination,C20,402.5
607,Source,384PP_AQ_BP2,A16,Destination,C20,225.0
608,Source,384PP_AQ_BP2,A17,Destination,C20,5.0
609,Source,384PP_AQ_BP2,A24,Destination,C20,2000.0
610,Source,384PP_AQ_BP2,A24,Destination,C20,775.0
611,Source,384PP_AQ_BP2,A24,Destination,C21,2000.0
612,Source,384PP_AQ_BP2,A24,Destination,C21,2000.0
613,Source,384PP_AQ_BP2,A24,Destination,C21,1977.5
614,Source,384PP_AQ_BP2,A03,Destination,C22,10.0
615,Source,384PP_AQ_BP2,A04,Destination,C22,100.0
616,Source,384PP_AQ_BP2,A07,Destination,C22,55.0
617,Source,384PP_AQ_BP2,A09,Destination,C22,400.0
618,Source,384PP_AQ_BP2,A10,Destination,C22,215.0
619,Source,384PP_AQ_BP2,A11,Destination,C22,50.0
620,Source,384PP_AQ_BP2,A13,Destination,C22,447.5
621,Source,384PP_AQ_BP2,A16,Destination,C22,225.0
622,Source,384PP_AQ_BP2,A17,Destination,C22,5.0
623,Source,384PP_AQ_BP2,A24,Destination,C22,2000.0
624,Source,384PP_AQ_BP2,A24,Destination,C22,675.0
625,Source,384PP_AQ_BP2,A03,Destination,C23,7.5
626,Source,384PP_AQ_BP2,A04,Destination,C23,90.0
627,Source,384PP_AQ_BP2,A07,Destination,C23,50.0
628,Source,384PP_AQ_BP2,A09,Destination,C23,400.0
629,Source,384PP_AQ_BP2,A10,Destination,C23,160.0
630,Source,384PP_AQ_BP2,A11,Destination,C23,40.0
631,Source,384PP_AQ_BP2,A12,Destination,C23,175.0
632,Source,384PP_AQ_BP2,A13,Destination,C23,402.5
633,Source,384PP_AQ_BP2,A16,Destination,C23,135.0
634,Source,384PP_AQ_BP2,A17,Destination,C23,5.0
635,Source,384PP_AQ_BP2,A24,Destination,C23,2000.0
636,Source,384PP_AQ_BP2,A24,Destination,C23,720.0
637,Source,384PP_AQ_BP2,A03,Destination,C24,10.0
638,Source,384PP_AQ_BP2,A04,Destination,C24,100.0
639,Source,384PP_AQ_BP2,A07,Destination,C24,55.0
640,Source,384PP_AQ_BP2,A09,Destination,C24,200.0
641,Source,384PP_AQ_BP2,A10,Destination,C24,215.0
642,Source,384PP_AQ_BP2,A11,Destination,C24,45.0
643,Source,384PP_AQ_BP2,A12,Destination,C24,175.0
644,Source,384PP_AQ_BP2,A13,Destination,C24,402.5
645,Source,384PP_AQ_BP2,A16,Destination,C24,225.0
646,Source,384PP_AQ_BP2,A17,Destination,C24,5.0
647,Source,384PP_AQ_BP2,A24,Destination,C24,2000.0
648,Source,384PP_AQ_BP2,A24,Destination,C24,750.0
649,Source,384PP_AQ_BP2,A03,Destination,D16,10.0
650,Source,384PP_AQ_BP2,A04,Destination,D16,55.0
651,Source,384PP_AQ_BP2,A07,Destination,D16,45.0
652,Source,384PP_AQ_BP2,A09,Destination,D16,1800.0
653,Source,384PP_AQ_BP2,A10,Destination,D16,135.0
654,Source,384PP_AQ_BP2,A11,Destination,D16,32.5
655,Source,384PP_AQ_BP2,A12,Destination,D16,700.0
656,Source,384PP_AQ_BP2,A13,Destination,D16,135.0
657,Source,384PP_AQ_BP2,A16,Destination,D16,135.0
658,Source,384PP_AQ_BP2,A17,Destination,D16,5.0
659,Source,384PP_AQ_BP2,A24,Destination,D16,1135.0
660,Source,384PP_AQ_BP2,A03,Destination,D15,10.0
661,Source,384PP_AQ_BP2,A04,Destination,D15,112.5
662,Source,384PP_AQ_BP2,A07,Destination,D15,50.0
663,Source,384PP_AQ_BP2,A10,Destination,D15,267.5
664,Source,384PP_AQ_BP2,A11,Destination,D15,50.0
665,Source,384PP_AQ_BP2,A13,Destination,D15,402.5
666,Source,384PP_AQ_BP2,A16,Destination,D15,225.0
667,Source,384PP_AQ_BP2,A17,Destination,D15,5.0
668,Source,384PP_AQ_BP2,A24,Destination,D15,2000.0
669,Source,384PP_AQ_BP2,A24,Destination,D15,1060.0
670,Source,384PP_AQ_BP2,A03,Destination,D14,5.0
671,Source,384PP_AQ_BP2,A04,Destination,D14,90.0
672,Source,384PP_AQ_BP2,A07,Destination,D14,50.0
673,Source,384PP_AQ_BP2,A09,Destination,D14,400.0
674,Source,384PP_AQ_BP2,A10,Destination,D14,242.5
675,Source,384PP_AQ_BP2,A11,Destination,D14,50.0
676,Source,384PP_AQ_BP2,A12,Destination,D14,350.0
677,Source,384PP_AQ_BP2,A13,Destination,D14,402.5
678,Source,384PP_AQ_BP2,A16,Destination,D14,202.5
679,Source,384PP_AQ_BP2,A17,Destination,D14,5.0
680,Source,384PP_AQ_BP2,A24,Destination,D14,2000.0
681,Source,384PP_AQ_BP2,A24,Destination,D14,390.0
682,Source,384PP_AQ_BP2,A03,Destination,D13,10.0
683,Source,384PP_AQ_BP2,A04,Destination,D13,112.5
684,Source,384PP_AQ_BP2,A07,Destination,D13,50.0
685,Source,384PP_AQ_BP2,A09,Destination,D13,400.0
686,Source,384PP_AQ_BP2,A10,Destination,D13,267.5
687,Source,384PP_AQ_BP2,A11,Destination,D13,55.0
688,Source,384PP_AQ_BP2,A13,Destination,D13,447.5
689,Source,384PP_AQ_BP2,A16,Destination,D13,225.0
690,Source,384PP_AQ_BP2,A17,Destination,D13,5.0
691,Source,384PP_AQ_BP2,B01,Destination,D13,2000.0
692,Source,384PP_AQ_BP2,B01,Destination,D13,2000.0
693,Source,384PP_AQ_BP2,B01,Destination,D13,400.0
694,Source,384PP_AQ_BP2,A03,Destination,D12,10.0
695,Source,384PP_AQ_BP2,A04,Destination,D12,112.5
696,Source,384PP_AQ_BP2,A07,Destination,D12,50.0
697,Source,384PP_AQ_BP2,A10,Destination,D12,242.5
698,Source,384PP_AQ_BP2,A11,Destination,D12,50.0
699,Source,384PP_AQ_BP2,A12,Destination,D12,350.0
700,Source,384PP_AQ_BP2,A13,Destination,D12,402.5
701,Source,384PP_AQ_BP2,A16,Destination,D12,202.5
702,Source,384PP_AQ_BP2,A17,Destination,D12,5.0
703,Source,384PP_AQ_BP2,B01,Destination,D12,2000.0
704,Source,384PP_AQ_BP2,B01,Destination,D12,760.0
705,Source,384PP_AQ_BP2,B01,Destination,D11,2000.0
706,Source,384PP_AQ_BP2,B01,Destination,D11,2000.0
707,Source,384PP_AQ_BP2,B01,Destination,D11,1977.5
708,Source,384PP_AQ_BP2,A03,Destination,D10,10.0
709,Source,384PP_AQ_BP2,A04,Destination,D10,67.5
710,Source,384PP_AQ_BP2,A07,Destination,D10,50.0
711,Source,384PP_AQ_BP2,A09,Destination,D10,800.0
712,Source,384PP_AQ_BP2,A10,Destination,D10,187.5
713,Source,384PP_AQ_BP2,A11,Destination,D10,50.0
714,Source,384PP_AQ_BP2,A12,Destination,D10,175.0
715,Source,384PP_AQ_BP2,A13,Destination,D10,225.0
716,Source,384PP_AQ_BP2,A16,Destination,D10,180.0
717,Source,384PP_AQ_BP2,A17,Destination,D10,5.0
718,Source,384PP_AQ_BP2,B01,Destination,D10,2000.0
719,Source,384PP_AQ_BP2,B01,Destination,D10,435.0
720,Source,384PP_AQ_BP2,A03,Destination,D09,10.0
721,Source,384PP_AQ_BP2,A04,Destination,D09,112.5
722,Source,384PP_AQ_BP2,A07,Destination,D09,55.0
723,Source,384PP_AQ_BP2,A09,Destination,D09,200.0
724,Source,384PP_AQ_BP2,A10,Destination,D09,267.5
725,Source,384PP_AQ_BP2,A11,Destination,D09,50.0
726,Source,384PP_AQ_BP2,A13,Destination,D09,447.5
727,Source,384PP_AQ_BP2,A16,Destination,D09,202.5
728,Source,384PP_AQ_BP2,A17,Destination,D09,5.0
729,Source,384PP_AQ_BP2,B01,Destination,D09,2000.0
730,Source,384PP_AQ_BP2,B01,Destination,D09,2000.0
731,Source,384PP_AQ_BP2,B01,Destination,D09,625.0
732,Source,384PP_AQ_BP2,B01,Destination,D08,2000.0
733,Source,384PP_AQ_BP2,B01,Destination,D08,2000.0
734,Source,384PP_AQ_BP2,B01,Destination,D08,1977.5
735,Source,384PP_AQ_BP2,A03,Destination,D07,10.0
736,Source,384PP_AQ_BP2,A04,Destination,D07,112.5
737,Source,384PP_AQ_BP2,A07,Destination,D07,50.0
738,Source,384PP_AQ_BP2,A09,Destination,D07,200.0
739,Source,384PP_AQ_BP2,A10,Destination,D07,187.5
740,Source,384PP_AQ_BP2,A11,Destination,D07,45.0
741,Source,384PP_AQ_BP2,A12,Destination,D07,350.0
742,Source,384PP_AQ_BP2,A13,Destination,D07,402.5
743,Source,384PP_AQ_BP2,A16,Destination,D07,225.0
744,Source,384PP_AQ_BP2,A17,Destination,D07,5.0
745,Source,384PP_AQ_BP2,B01,Destination,D07,2000.0
746,Source,384PP_AQ_BP2,B01,Destination,D07,600.0
747,Source,384PP_AQ_BP2,B01,Destination,D06,2000.0
748,Source,384PP_AQ_BP2,B01,Destination,D06,2000.0
749,Source,384PP_AQ_BP2,B01,Destination,D06,1977.5
750,Source,384PP_AQ_BP2,A03,Destination,D05,10.0
751,Source,384PP_AQ_BP2,A04,Destination,D05,112.5
752,Source,384PP_AQ_BP2,A07,Destination,D05,40.0
753,Source,384PP_AQ_BP2,A09,Destination,D05,200.0
754,Source,384PP_AQ_BP2,A10,Destination,D05,267.5
755,Source,384PP_AQ_BP2,A11,Destination,D05,55.0
756,Source,384PP_AQ_BP2,A12,Destination,D05,175.0
757,Source,384PP_AQ_BP2,A13,Destination,D05,402.5
758,Source,384PP_AQ_BP2,A16,Destination,D05,202.5
759,Source,384PP_AQ_BP2,A17,Destination,D05,5.0
760,Source,384PP_AQ_BP2,B02,Destination,D05,2000.0
761,Source,384PP_AQ_BP2,B02,Destination,D05,2000.0
762,Source,384PP_AQ_BP2,B02,Destination,D05,505.0
763,Source,384PP_AQ_BP2,A03,Destination,D04,27.5
764,Source,384PP_AQ_BP2,A04,Destination,D04,280.0
765,Source,384PP_AQ_BP2,B02,Destination,D04,2000.0
766,Source,384PP_AQ_BP2,B02,Destination,D04,2000.0
767,Source,384PP_AQ_BP2,B02,Destination,D04,1667.5
768,Source,384PP_AQ_BP2,A03,Destination,D03,10.0
769,Source,384PP_AQ_BP2,A04,Destination,D03,90.0
770,Source,384PP_AQ_BP2,A07,Destination,D03,40.0
771,Source,384PP_AQ_BP2,A09,Destination,D03,600.0
772,Source,384PP_AQ_BP2,A10,Destination,D03,242.5
773,Source,384PP_AQ_BP2,A11,Destination,D03,45.0
774,Source,384PP_AQ_BP2,A12,Destination,D03,175.0
775,Source,384PP_AQ_BP2,A13,Destination,D03,402.5
776,Source,384PP_AQ_BP2,A16,Destination,D03,112.5
777,Source,384PP_AQ_BP2,A17,Destination,D03,5.0
778,Source,384PP_AQ_BP2,B02,Destination,D03,2000.0
779,Source,384PP_AQ_BP2,B02,Destination,D03,465.0
780,Source,384PP_AQ_BP2,A03,Destination,D02,10.0
781,Source,384PP_AQ_BP2,A04,Destination,D02,112.5
782,Source,384PP_AQ_BP2,A07,Destination,D02,50.0
783,Source,384PP_AQ_BP2,A10,Destination,D02,215.0
784,Source,384PP_AQ_BP2,A11,Destination,D02,50.0
785,Source,384PP_AQ_BP2,A12,Destination,D02,175.0
786,Source,384PP_AQ_BP2,A13,Destination,D02,447.5
787,Source,384PP_AQ_BP2,A16,Destination,D02,225.0
788,Source,384PP_AQ_BP2,A17,Destination,D02,5.0
789,Source,384PP_AQ_BP2,B02,Destination,D02,2000.0
790,Source,384PP_AQ_BP2,B02,Destination,D02,2000.0
791,Source,384PP_AQ_BP2,B02,Destination,D02,685.0
792,Source,384PP_AQ_BP2,A03,Destination,D01,27.5
793,Source,384PP_AQ_BP2,A04,Destination,D01,280.0
794,Source,384PP_AQ_BP2,B02,Destination,D01,2000.0
795,Source,384PP_AQ_BP2,B02,Destination,D01,2000.0
796,Source,384PP_AQ_BP2,B02,Destination,D01,1667.5
797,Source,384PP_AQ_BP2,B02,Destination,E01,2000.0
798,Source,384PP_AQ_BP2,B02,Destination,E01,2000.0
799,Source,384PP_AQ_BP2,B02,Destination,E01,1977.5
800,Source,384PP_AQ_BP2,A03,Destination,E02,10.0
801,Source,384PP_AQ_BP2,A04,Destination,E02,100.0
802,Source,384PP_AQ_BP2,A07,Destination,E02,55.0
803,Source,384PP_AQ_BP2,A10,Destination,E02,267.5
804,Source,384PP_AQ_BP2,A11,Destination,E02,55.0
805,Source,384PP_AQ_BP2,A13,Destination,E02,447.5
806,Source,384PP_AQ_BP2,A16,Destination,E02,225.0
807,Source,384PP_AQ_BP2,A17,Destination,E02,5.0
808,Source,384PP_AQ_BP2,B02,Destination,E02,2000.0
809,Source,384PP_AQ_BP2,B02,Destination,E02,2000.0
810,Source,384PP_AQ_BP2,B02,Destination,E02,807.5
811,Source,384PP_AQ_BP2,A03,Destination,E03,27.5
812,Source,384PP_AQ_BP2,A04,Destination,E03,280.0
813,Source,384PP_AQ_BP2,B03,Destination,E03,2000.0
814,Source,384PP_AQ_BP2,B03,Destination,E03,2000.0
815,Source,384PP_AQ_BP2,B03,Destination,E03,1667.5
816,Source,384PP_AQ_BP2,A03,Destination,E04,10.0
817,Source,384PP_AQ_BP2,A04,Destination,E04,77.5
818,Source,384PP_AQ_BP2,A07,Destination,E04,55.0
819,Source,384PP_AQ_BP2,A09,Destination,E04,200.0
820,Source,384PP_AQ_BP2,A10,Destination,E04,242.5
821,Source,384PP_AQ_BP2,A11,Destination,E04,50.0
822,Source,384PP_AQ_BP2,A12,Destination,E04,175.0
823,Source,384PP_AQ_BP2,A13,Destination,E04,357.5
824,Source,384PP_AQ_BP2,A16,Destination,E04,225.0
825,Source,384PP_AQ_BP2,A17,Destination,E04,5.0
826,Source,384PP_AQ_BP2,B03,Destination,E04,2000.0
827,Source,384PP_AQ_BP2,B03,Destination,E04,787.5
828,Source,384PP_AQ_BP2,A03,Destination,E05,10.0
829,Source,384PP_AQ_BP2,A04,Destination,E05,112.5
830,Source,384PP_AQ_BP2,A07,Destination,E05,55.0
831,Source,384PP_AQ_BP2,A10,Destination,E05,267.5
832,Source,384PP_AQ_BP2,A11,Destination,E05,55.0
833,Source,384PP_AQ_BP2,A13,Destination,E05,402.5
834,Source,384PP_AQ_BP2,A16,Destination,E05,225.0
835,Source,384PP_AQ_BP2,A17,Destination,E05,5.0
836,Source,384PP_AQ_BP2,B03,Destination,E05,2000.0
837,Source,384PP_AQ_BP2,B03,Destination,E05,2000.0
838,Source,384PP_AQ_BP2,B03,Destination,E05,842.5
839,Source,384PP_AQ_BP2,A03,Destination,E06,27.5
840,Source,384PP_AQ_BP2,A04,Destination,E06,280.0
841,Source,384PP_AQ_BP2,B03,Destination,E06,2000.0
842,Source,384PP_AQ_BP2,B03,Destination,E06,2000.0
843,Source,384PP_AQ_BP2,B03,Destination,E06,1667.5
844,Source,384PP_AQ_BP2,A03,Destination,E07,10.0
845,Source,384PP_AQ_BP2,A04,Destination,E07,45.0
846,Source,384PP_AQ_BP2,A07,Destination,E07,32.5
847,Source,384PP_AQ_BP2,A10,Destination,E07,242.5
848,Source,384PP_AQ_BP2,A11,Destination,E07,50.0
849,Source,384PP_AQ_BP2,A12,Destination,E07,350.0
850,Source,384PP_AQ_BP2,A13,Destination,E07,357.5
851,Source,384PP_AQ_BP2,A16,Destination,E07,202.5
852,Source,384PP_AQ_BP2,A17,Destination,E07,5.0
853,Source,384PP_AQ_BP2,B03,Destination,E07,2000.0
854,Source,384PP_AQ_BP2,B03,Destination,E07,2000.0
855,Source,384PP_AQ_BP2,B03,Destination,E07,680.0
856,Source,384PP_AQ_BP2,A03,Destination,E08,10.0
857,Source,384PP_AQ_BP2,A04,Destination,E08,100.0
858,Source,384PP_AQ_BP2,A07,Destination,E08,50.0
859,Source,384PP_AQ_BP2,A09,Destination,E08,200.0
860,Source,384PP_AQ_BP2,A10,Destination,E08,267.5
861,Source,384PP_AQ_BP2,A11,Destination,E08,45.0
862,Source,384PP_AQ_BP2,A13,Destination,E08,402.5
863,Source,384PP_AQ_BP2,A16,Destination,E08,202.5
864,Source,384PP_AQ_BP2,A17,Destination,E08,5.0
865,Source,384PP_AQ_BP2,B03,Destination,E08,2000.0
866,Source,384PP_AQ_BP2,B03,Destination,E08,902.5
867,Source,384PP_AQ_BP2,A03,Destination,E09,10.0
868,Source,384PP_AQ_BP2,A04,Destination,E09,112.5
869,Source,384PP_AQ_BP2,A07,Destination,E09,50.0
870,Source,384PP_AQ_BP2,A09,Destination,E09,200.0
871,Source,384PP_AQ_BP2,A10,Destination,E09,242.5
872,Source,384PP_AQ_BP2,A11,Destination,E09,55.0
873,Source,384PP_AQ_BP2,A12,Destination,E09,525.0
874,Source,384PP_AQ_BP2,A13,Destination,E09,402.5
875,Source,384PP_AQ_BP2,A16,Destination,E09,225.0
876,Source,384PP_AQ_BP2,A17,Destination,E09,5.0
877,Source,384PP_AQ_BP2,B03,Destination,E09,2000.0
878,Source,384PP_AQ_BP2,B03,Destination,E09,2000.0
879,Source,384PP_AQ_BP2,B03,Destination,E09,150.0
880,Source,384PP_AQ_BP2,A03,Destination,E10,10.0
881,Source,384PP_AQ_BP2,A04,Destination,E10,112.5
882,Source,384PP_AQ_BP2,A07,Destination,E10,45.0
883,Source,384PP_AQ_BP2,A10,Destination,E10,242.5
884,Source,384PP_AQ_BP2,A11,Destination,E10,55.0
885,Source,384PP_AQ_BP2,A12,Destination,E10,175.0
886,Source,384PP_AQ_BP2,A13,Destination,E10,402.5
887,Source,384PP_AQ_BP2,A16,Destination,E10,225.0
888,Source,384PP_AQ_BP2,A17,Destination,E10,5.0
889,Source,384PP_AQ_BP2,B03,Destination,E10,2000.0
890,Source,384PP_AQ_BP2,B03,Destination,E10,2000.0
891,Source,384PP_AQ_BP2,B03,Destination,E10,702.5
892,Source,384PP_AQ_BP2,A03,Destination,E11,10.0
893,Source,384PP_AQ_BP2,A04,Destination,E11,90.0
894,Source,384PP_AQ_BP2,A07,Destination,E11,55.0
895,Source,384PP_AQ_BP2,A10,Destination,E11,267.5
896,Source,384PP_AQ_BP2,A11,Destination,E11,55.0
897,Source,384PP_AQ_BP2,A13,Destination,E11,447.5
898,Source,384PP_AQ_BP2,A16,Destination,E11,225.0
899,Source,384PP_AQ_BP2,A17,Destination,E11,5.0
900,Source,384PP_AQ_BP2,B04,Destination,E11,2000.0
901,Source,384PP_AQ_BP2,B04,Destination,E11,2000.0
902,Source,384PP_AQ_BP2,B04,Destination,E11,817.5
903,Source,384PP_AQ_BP2,A03,Destination,E12,10.0
904,Source,384PP_AQ_BP2,A04,Destination,E12,67.5
905,Source,384PP_AQ_BP2,A07,Destination,E12,50.0
906,Source,384PP_AQ_BP2,A09,Destination,E12,800.0
907,Source,384PP_AQ_BP2,A10,Destination,E12,187.5
908,Source,384PP_AQ_BP2,A11,Destination,E12,50.0
909,Source,384PP_AQ_BP2,A12,Destination,E12,175.0
910,Source,384PP_AQ_BP2,A13,Destination,E12,225.0
911,Source,384PP_AQ_BP2,A16,Destination,E12,180.0
912,Source,384PP_AQ_BP2,A17,Destination,E12,5.0
913,Source,384PP_AQ_BP2,B04,Destination,E12,2000.0
914,Source,384PP_AQ_BP2,B04,Destination,E12,435.0
915,Source,384PP_AQ_BP2,A03,Destination,E13,10.0
916,Source,384PP_AQ_BP2,A04,Destination,E13,112.5
917,Source,384PP_AQ_BP2,A07,Destination,E13,55.0
918,Source,384PP_AQ_BP2,A10,Destination,E13,267.5
919,Source,384PP_AQ_BP2,A11,Destination,E13,55.0
920,Source,384PP_AQ_BP2,A13,Destination,E13,447.5
921,Source,384PP_AQ_BP2,A16,Destination,E13,202.5
922,Source,384PP_AQ_BP2,A17,Destination,E13,5.0
923,Source,384PP_AQ_BP2,B04,Destination,E13,2000.0
924,Source,384PP_AQ_BP2,B04,Destination,E13,2000.0
925,Source,384PP_AQ_BP2,B04,Destination,E13,817.5
926,Source,384PP_AQ_BP2,A03,Destination,E14,10.0
927,Source,384PP_AQ_BP2,A04,Destination,E14,100.0
928,Source,384PP_AQ_BP2,A07,Destination,E14,45.0
929,Source,384PP_AQ_BP2,A10,Destination,E14,242.5
930,Source,384PP_AQ_BP2,A11,Destination,E14,55.0
931,Source,384PP_AQ_BP2,A13,Destination,E14,402.5
932,Source,384PP_AQ_BP2,A16,Destination,E14,225.0
933,Source,384PP_AQ_BP2,A17,Destination,E14,5.0
934,Source,384PP_AQ_BP2,B04,Destination,E14,2000.0
935,Source,384PP_AQ_BP2,B04,Destination,E14,1100.0
936,Source,384PP_AQ_BP2,A03,Destination,E15,10.0
937,Source,384PP_AQ_BP2,A04,Destination,E15,100.0
938,Source,384PP_AQ_BP2,A07,Destination,E15,50.0
939,Source,384PP_AQ_BP2,A10,Destination,E15,242.5
940,Source,384PP_AQ_BP2,A11,Destination,E15,55.0
941,Source,384PP_AQ_BP2,A13,Destination,E15,402.5
942,Source,384PP_AQ_BP2,A16,Destination,E15,225.0
943,Source,384PP_AQ_BP2,A17,Destination,E15,5.0
944,Source,384PP_AQ_BP2,B04,Destination,E15,2000.0
945,Source,384PP_AQ_BP2,B04,Destination,E15,1092.5
946,Source,384PP_AQ_BP2,B04,Destination,E16,2000.0
947,Source,384PP_AQ_BP2,B04,Destination,E16,2000.0
948,Source,384PP_AQ_BP2,B04,Destination,E16,1977.5
949,Source,384PP_AQ_BP2,A03,Destination,E17,27.5
950,Source,384PP_AQ_BP2,A04,Destination,E17,280.0
951,Source,384PP_AQ_BP2,B04,Destination,E17,2000.0
952,Source,384PP_AQ_BP2,B04,Destination,E17,2000.0
953,Source,384PP_AQ_BP2,B04,Destination,E17,1667.5
954,Source,384PP_AQ_BP2,B04,Destination,E18,2000.0
955,Source,384PP_AQ_BP2,B04,Destination,E18,2000.0
956,Source,384PP_AQ_BP2,B04,Destination,E18,1977.5
957,Source,384PP_AQ_BP2,A03,Destination,E19,10.0
958,Source,384PP_AQ_BP2,A04,Destination,E19,112.5
959,Source,384PP_AQ_BP2,A07,Destination,E19,55.0
960,Source,384PP_AQ_BP2,A10,Destination,E19,267.5
961,Source,384PP_AQ_BP2,A11,Destination,E19,50.0
962,Source,384PP_AQ_BP2,A13,Destination,E19,447.5
963,Source,384PP_AQ_BP2,A16,Destination,E19,225.0
964,Source,384PP_AQ_BP2,A17,Destination,E19,5.0
965,Source,384PP_AQ_BP2,B05,Destination,E19,2000.0
966,Source,384PP_AQ_BP2,B05,Destination,E19,2000.0
967,Source,384PP_AQ_BP2,B05,Destination,E19,802.5
968,Source,384PP_AQ_BP2,A03,Destination,E20,10.0
969,Source,384PP_AQ_BP2,A04,Destination,E20,100.0
970,Source,384PP_AQ_BP2,A07,Destination,E20,55.0
971,Source,384PP_AQ_BP2,A10,Destination,E20,267.5
972,Source,384PP_AQ_BP2,A11,Destination,E20,55.0
973,Source,384PP_AQ_BP2,A13,Destination,E20,447.5
974,Source,384PP_AQ_BP2,A16,Destination,E20,225.0
975,Source,384PP_AQ_BP2,A17,Destination,E20,5.0
976,Source,384PP_AQ_BP2,B05,Destination,E20,2000.0
977,Source,384PP_AQ_BP2,B05,Destination,E20,2000.0
978,Source,384PP_AQ_BP2,B05,Destination,E20,807.5
979,Source,384PP_AQ_BP2,A03,Destination,E21,10.0
980,Source,384PP_AQ_BP2,A04,Destination,E21,100.0
981,Source,384PP_AQ_BP2,A07,Destination,E21,50.0
982,Source,384PP_AQ_BP2,A09,Destination,E21,200.0
983,Source,384PP_AQ_BP2,A10,Destination,E21,267.5
984,Source,384PP_AQ_BP2,A11,Destination,E21,45.0
985,Source,384PP_AQ_BP2,A12,Destination,E21,175.0
986,Source,384PP_AQ_BP2,A13,Destination,E21,402.5
987,Source,384PP_AQ_BP2,A16,Destination,E21,202.5
988,Source,384PP_AQ_BP2,A17,Destination,E21,5.0
989,Source,384PP_AQ_BP2,B05,Destination,E21,2000.0
990,Source,384PP_AQ_BP2,B05,Destination,E21,727.5
991,Source,384PP_AQ_BP2,A03,Destination,E22,10.0
992,Source,384PP_AQ_BP2,A04,Destination,E22,100.0
993,Source,384PP_AQ_BP2,A07,Destination,E22,55.0
994,Source,384PP_AQ_BP2,A10,Destination,E22,267.5
995,Source,384PP_AQ_BP2,A11,Destination,E22,55.0
996,Source,384PP_AQ_BP2,A13,Destination,E22,447.5
997,Source,384PP_AQ_BP2,A16,Destination,E22,225.0
998,Source,384PP_AQ_BP2,A17,Destination,E22,5.0
999,Source,384PP_AQ_BP2,B05,Destination,E22,2000.0
1000,Source,384PP_AQ_BP2,B05,Destination,E22,2000.0
1001,Source,384PP_AQ_BP2,B05,Destination,E22,807.5
1002,Source,384PP_AQ_BP2,A03,Destination,E23,10.0
1003,Source,384PP_AQ_BP2,A04,Destination,E23,100.0
1004,Source,384PP_AQ_BP2,A07,Destination,E23,55.0
1005,Source,384PP_AQ_BP2,A09,Destination,E23,200.0
1006,Source,384PP_AQ_BP2,A10,Destination,E23,215.0
1007,Source,384PP_AQ_BP2,A11,Destination,E23,45.0
1008,Source,384PP_AQ_BP2,A12,Destination,E23,175.0
1009,Source,384PP_AQ_BP2,A13,Destination,E23,402.5
1010,Source,384PP_AQ_BP2,A16,Destination,E23,225.0
1011,Source,384PP_AQ_BP2,A17,Destination,E23,5.0
1012,Source,384PP_AQ_BP2,B05,Destination,E23,2000.0
1013,Source,384PP_AQ_BP2,B05,Destination,E23,750.0
1014,Source,384PP_AQ_BP2,A03,Destination,E24,10.0
1015,Source,384PP_AQ_BP2,A04,Destination,E24,112.5
1016,Source,384PP_AQ_BP2,A07,Destination,E24,50.0
1017,Source,384PP_AQ_BP2,A09,Destination,E24,400.0
1018,Source,384PP_AQ_BP2,A10,Destination,E24,267.5
1019,Source,384PP_AQ_BP2,A11,Destination,E24,45.0
1020,Source,384PP_AQ_BP2,A12,Destination,E24,350.0
1021,Source,384PP_AQ_BP2,A13,Destination,E24,312.5
1022,Source,384PP_AQ_BP2,A16,Destination,E24,202.5
1023,Source,384PP_AQ_BP2,A17,Destination,E24,5.0
1024,Source,384PP_AQ_BP2,B05,Destination,E24,2000.0
1025,Source,384PP_AQ_BP2,B05,Destination,E24,2000.0
1026,Source,384PP_AQ_BP2,B05,Destination,E24,220.0
1027,Source,384PP_AQ_BP2,A03,Destination,F24,10.0
1028,Source,384PP_AQ_BP2,A04,Destination,F24,112.5
1029,Source,384PP_AQ_BP2,A07,Destination,F24,55.0
1030,Source,384PP_AQ_BP2,A09,Destination,F24,200.0
1031,Source,384PP_AQ_BP2,A10,Destination,F24,267.5
1032,Source,384PP_AQ_BP2,A11,Destination,F24,55.0
1033,Source,384PP_AQ_BP2,A12,Destination,F24,175.0
1034,Source,384PP_AQ_BP2,A13,Destination,F24,447.5
1035,Source,384PP_AQ_BP2,A16,Destination,F24,225.0
1036,Source,384PP_AQ_BP2,A17,Destination,F24,5.0
1037,Source,384PP_AQ_BP2,B05,Destination,F24,2000.0
1038,Source,384PP_AQ_BP2,B05,Destination,F24,2000.0
1039,Source,384PP_AQ_BP2,B05,Destination,F24,420.0
1040,Source,384PP_AQ_BP2,A03,Destination,F23,10.0
1041,Source,384PP_AQ_BP2,A04,Destination,F23,112.5
1042,Source,384PP_AQ_BP2,A07,Destination,F23,55.0
1043,Source,384PP_AQ_BP2,A09,Destination,F23,200.0
1044,Source,384PP_AQ_BP2,A10,Destination,F23,267.5
1045,Source,384PP_AQ_BP2,A11,Destination,F23,55.0
1046,Source,384PP_AQ_BP2,A13,Destination,F23,402.5
1047,Source,384PP_AQ_BP2,A16,Destination,F23,225.0
1048,Source,384PP_AQ_BP2,A17,Destination,F23,5.0
1049,Source,384PP_AQ_BP2,B05,Destination,F23,2000.0
1050,Source,384PP_AQ_BP2,B05,Destination,F23,2000.0
1051,Source,384PP_AQ_BP2,B05,Destination,F23,640.0
1052,Source,384PP_AQ_BP2,A03,Destination,F22,10.0
1053,Source,384PP_AQ_BP2,A04,Destination,F22,112.5
1054,Source,384PP_AQ_BP2,A07,Destination,F22,50.0
1055,Source,384PP_AQ_BP2,A09,Destination,F22,400.0
1056,Source,384PP_AQ_BP2,A10,Destination,F22,267.5
1057,Source,384PP_AQ_BP2,A11,Destination,F22,45.0
1058,Source,384PP_AQ_BP2,A12,Destination,F22,350.0
1059,Source,384PP_AQ_BP2,A13,Destination,F22,312.5
1060,Source,384PP_AQ_BP2,A16,Destination,F22,180.0
1061,Source,384PP_AQ_BP2,A17,Destination,F22,5.0
1062,Source,384PP_AQ_BP2,B05,Destination,F22,2000.0
1063,Source,384PP_AQ_BP2,B05,Destination,F22,2000.0
1064,Source,384PP_AQ_BP2,B05,Destination,F22,242.5
1065,Source,384PP_AQ_BP2,A03,Destination,F21,10.0
1066,Source,384PP_AQ_BP2,A04,Destination,F21,100.0
1067,Source,384PP_AQ_BP2,A07,Destination,F21,55.0
1068,Source,384PP_AQ_BP2,A10,Destination,F21,267.5
1069,Source,384PP_AQ_BP2,A11,Destination,F21,50.0
1070,Source,384PP_AQ_BP2,A13,Destination,F21,447.5
1071,Source,384PP_AQ_BP2,A16,Destination,F21,225.0
1072,Source,384PP_AQ_BP2,A17,Destination,F21,5.0
1073,Source,384PP_AQ_BP2,B06,Destination,F21,2000.0
1074,Source,384PP_AQ_BP2,B06,Destination,F21,2000.0
1075,Source,384PP_AQ_BP2,B06,Destination,F21,812.5
1076,Source,384PP_AQ_BP2,A03,Destination,F20,10.0
1077,Source,384PP_AQ_BP2,A04,Destination,F20,112.5
1078,Source,384PP_AQ_BP2,A07,Destination,F20,55.0
1079,Source,384PP_AQ_BP2,A10,Destination,F20,267.5
1080,Source,384PP_AQ_BP2,A11,Destination,F20,55.0
1081,Source,384PP_AQ_BP2,A13,Destination,F20,447.5
1082,Source,384PP_AQ_BP2,A16,Destination,F20,202.5
1083,Source,384PP_AQ_BP2,A17,Destination,F20,5.0
1084,Source,384PP_AQ_BP2,B06,Destination,F20,2000.0
1085,Source,384PP_AQ_BP2,B06,Destination,F20,1027.5
1086,Source,384PP_AQ_BP2,B06,Destination,F19,2000.0
1087,Source,384PP_AQ_BP2,B06,Destination,F19,2000.0
1088,Source,384PP_AQ_BP2,B06,Destination,F19,1977.5
1089,Source,384PP_AQ_BP2,A03,Destination,F18,10.0
1090,Source,384PP_AQ_BP2,A04,Destination,F18,112.5
1091,Source,384PP_AQ_BP2,A07,Destination,F18,55.0
1092,Source,384PP_AQ_BP2,A10,Destination,F18,267.5
1093,Source,384PP_AQ_BP2,A11,Destination,F18,55.0
1094,Source,384PP_AQ_BP2,A13,Destination,F18,447.5
1095,Source,384PP_AQ_BP2,A16,Destination,F18,225.0
1096,Source,384PP_AQ_BP2,A17,Destination,F18,5.0
1097,Source,384PP_AQ_BP2,B06,Destination,F18,2000.0
1098,Source,384PP_AQ_BP2,B06,Destination,F18,2000.0
1099,Source,384PP_AQ_BP2,B06,Destination,F18,795.0
1100,Source,384PP_AQ_BP2,A03,Destination,F17,10.0
1101,Source,384PP_AQ_BP2,A04,Destination,F17,112.5
1102,Source,384PP_AQ_BP2,A07,Destination,F17,55.0
1103,Source,384PP_AQ_BP2,A10,Destination,F17,267.5
1104,Source,384PP_AQ_BP2,A11,Destination,F17,55.0
1105,Source,384PP_AQ_BP2,A13,Destination,F17,447.5
1106,Source,384PP_AQ_BP2,A16,Destination,F17,225.0
1107,Source,384PP_AQ_BP2,A17,Destination,F17,5.0
1108,Source,384PP_AQ_BP2,B06,Destination,F17,2000.0
1109,Source,384PP_AQ_BP2,B06,Destination,F17,1005.0
1110,Source,384PP_AQ_BP2,A03,Destination,F16,10.0
1111,Source,384PP_AQ_BP2,A04,Destination,F16,77.5
1112,Source,384PP_AQ_BP2,A07,Destination,F16,55.0
1113,Source,384PP_AQ_BP2,A10,Destination,F16,242.5
1114,Source,384PP_AQ_BP2,A11,Destination,F16,50.0
1115,Source,384PP_AQ_BP2,A12,Destination,F16,175.0
1116,Source,384PP_AQ_BP2,A13,Destination,F16,357.5
1117,Source,384PP_AQ_BP2,A16,Destination,F16,225.0
1118,Source,384PP_AQ_BP2,A17,Destination,F16,5.0
1119,Source,384PP_AQ_BP2,B06,Destination,F16,2000.0
1120,Source,384PP_AQ_BP2,B06,Destination,F16,987.5
1121,Source,384PP_AQ_BP2,A03,Destination,F15,10.0
1122,Source,384PP_AQ_BP2,A04,Destination,F15,112.5
1123,Source,384PP_AQ_BP2,A07,Destination,F15,45.0
1124,Source,384PP_AQ_BP2,A09,Destination,F15,200.0
1125,Source,384PP_AQ_BP2,A10,Destination,F15,267.5
1126,Source,384PP_AQ_BP2,A11,Destination,F15,55.0
1127,Source,384PP_AQ_BP2,A13,Destination,F15,447.5
1128,Source,384PP_AQ_BP2,A16,Destination,F15,225.0
1129,Source,384PP_AQ_BP2,A17,Destination,F15,5.0
1130,Source,384PP_AQ_BP2,B06,Destination,F15,2000.0
1131,Source,384PP_AQ_BP2,B06,Destination,F15,2000.0
1132,Source,384PP_AQ_BP2,B06,Destination,F15,607.5
1133,Source,384PP_AQ_BP2,A03,Destination,F14,10.0
1134,Source,384PP_AQ_BP2,A04,Destination,F14,112.5
1135,Source,384PP_AQ_BP2,A07,Destination,F14,50.0
1136,Source,384PP_AQ_BP2,A10,Destination,F14,242.5
1137,Source,384PP_AQ_BP2,A11,Destination,F14,55.0
1138,Source,384PP_AQ_BP2,A12,Destination,F14,175.0
1139,Source,384PP_AQ_BP2,A13,Destination,F14,402.5
1140,Source,384PP_AQ_BP2,A16,Destination,F14,225.0
1141,Source,384PP_AQ_BP2,A17,Destination,F14,5.0
1142,Source,384PP_AQ_BP2,B06,Destination,F14,2000.0
1143,Source,384PP_AQ_BP2,B06,Destination,F14,2000.0
1144,Source,384PP_AQ_BP2,B06,Destination,F14,697.5
1145,Source,384PP_AQ_BP2,A03,Destination,F13,10.0
1146,Source,384PP_AQ_BP2,A04,Destination,F13,112.5
1147,Source,384PP_AQ_BP2,A07,Destination,F13,55.0
1148,Source,384PP_AQ_BP2,A10,Destination,F13,267.5
1149,Source,384PP_AQ_BP2,A11,Destination,F13,55.0
1150,Source,384PP_AQ_BP2,A13,Destination,F13,402.5
1151,Source,384PP_AQ_BP2,A16,Destination,F13,225.0
1152,Source,384PP_AQ_BP2,A17,Destination,F13,5.0
1153,Source,384PP_AQ_BP2,B07,Destination,F13,2000.0
1154,Source,384PP_AQ_BP2,B07,Destination,F13,1050.0
1155,Source,384PP_AQ_BP2,A03,Destination,F12,10.0
1156,Source,384PP_AQ_BP2,A04,Destination,F12,112.5
1157,Source,384PP_AQ_BP2,A07,Destination,F12,55.0
1158,Source,384PP_AQ_BP2,A09,Destination,F12,200.0
1159,Source,384PP_AQ_BP2,A10,Destination,F12,267.5
1160,Source,384PP_AQ_BP2,A11,Destination,F12,55.0
1161,Source,384PP_AQ_BP2,A12,Destination,F12,175.0
1162,Source,384PP_AQ_BP2,A13,Destination,F12,447.5
1163,Source,384PP_AQ_BP2,A16,Destination,F12,202.5
1164,Source,384PP_AQ_BP2,A17,Destination,F12,5.0
1165,Source,384PP_AQ_BP2,B07,Destination,F12,2000.0
1166,Source,384PP_AQ_BP2,B07,Destination,F12,2000.0
1167,Source,384PP_AQ_BP2,B07,Destination,F12,442.5
1168,Source,384PP_AQ_BP2,A03,Destination,F11,10.0
1169,Source,384PP_AQ_BP2,A04,Destination,F11,112.5
1170,Source,384PP_AQ_BP2,A07,Destination,F11,45.0
1171,Source,384PP_AQ_BP2,A09,Destination,F11,400.0
1172,Source,384PP_AQ_BP2,A10,Destination,F11,267.5
1173,Source,384PP_AQ_BP2,A11,Destination,F11,55.0
1174,Source,384PP_AQ_BP2,A13,Destination,F11,447.5
1175,Source,384PP_AQ_BP2,A16,Destination,F11,225.0
1176,Source,384PP_AQ_BP2,A17,Destination,F11,5.0
1177,Source,384PP_AQ_BP2,B07,Destination,F11,2000.0
1178,Source,384PP_AQ_BP2,B07,Destination,F11,2000.0
1179,Source,384PP_AQ_BP2,B07,Destination,F11,407.5
1180,Source,384PP_AQ_BP2,A03,Destination,F10,10.0
1181,Source,384PP_AQ_BP2,A04,Destination,F10,112.5
1182,Source,384PP_AQ_BP2,A07,Destination,F10,50.0
1183,Source,384PP_AQ_BP2,A10,Destination,F10,267.5
1184,Source,384PP_AQ_BP2,A11,Destination,F10,55.0
1185,Source,384PP_AQ_BP2,A12,Destination,F10,175.0
1186,Source,384PP_AQ_BP2,A14,Destination,F10,447.5
1187,Source,384PP_AQ_BP2,A16,Destination,F10,225.0
1188,Source,384PP_AQ_BP2,A17,Destination,F10,5.0
1189,Source,384PP_AQ_BP2,B07,Destination,F10,2000.0
1190,Source,384PP_AQ_BP2,B07,Destination,F10,2000.0
1191,Source,384PP_AQ_BP2,B07,Destination,F10,627.5
1192,Source,384PP_AQ_BP2,A03,Destination,F09,10.0
1193,Source,384PP_AQ_BP2,A04,Destination,F09,112.5
1194,Source,384PP_AQ_BP2,A07,Destination,F09,50.0
1195,Source,384PP_AQ_BP2,A10,Destination,F09,267.5
1196,Source,384PP_AQ_BP2,A11,Destination,F09,55.0
1197,Source,384PP_AQ_BP2,A14,Destination,F09,447.5
1198,Source,384PP_AQ_BP2,A16,Destination,F09,225.0
1199,Source,384PP_AQ_BP2,A17,Destination,F09,5.0
1200,Source,384PP_AQ_BP2,B07,Destination,F09,2000.0
1201,Source,384PP_AQ_BP2,B07,Destination,F09,2000.0
1202,Source,384PP_AQ_BP2,B07,Destination,F09,802.5
1203,Source,384PP_AQ_BP2,B07,Destination,F08,2000.0
1204,Source,384PP_AQ_BP2,B07,Destination,F08,2000.0
1205,Source,384PP_AQ_BP2,B07,Destination,F08,1977.5
1206,Source,384PP_AQ_BP2,A03,Destination,F07,10.0
1207,Source,384PP_AQ_BP2,A04,Destination,F07,112.5
1208,Source,384PP_AQ_BP2,A07,Destination,F07,55.0
1209,Source,384PP_AQ_BP2,A10,Destination,F07,267.5
1210,Source,384PP_AQ_BP2,A11,Destination,F07,55.0
1211,Source,384PP_AQ_BP2,A14,Destination,F07,447.5
1212,Source,384PP_AQ_BP2,A16,Destination,F07,225.0
1213,Source,384PP_AQ_BP2,A17,Destination,F07,5.0
1214,Source,384PP_AQ_BP2,B07,Destination,F07,2000.0
1215,Source,384PP_AQ_BP2,B07,Destination,F07,2000.0
1216,Source,384PP_AQ_BP2,B07,Destination,F07,795.0
1217,Source,384PP_AQ_BP2,A03,Destination,F06,27.5
1218,Source,384PP_AQ_BP2,A04,Destination,F06,280.0
1219,Source,384PP_AQ_BP2,B08,Destination,F06,2000.0
1220,Source,384PP_AQ_BP2,B08,Destination,F06,2000.0
1221,Source,384PP_AQ_BP2,B08,Destination,F06,1667.5
1222,Source,384PP_AQ_BP2,A03,Destination,F05,10.0
1223,Source,384PP_AQ_BP2,A04,Destination,F05,112.5
1224,Source,384PP_AQ_BP2,A07,Destination,F05,55.0
1225,Source,384PP_AQ_BP2,A09,Destination,F05,200.0
1226,Source,384PP_AQ_BP2,A10,Destination,F05,267.5
1227,Source,384PP_AQ_BP2,A11,Destination,F05,55.0
1228,Source,384PP_AQ_BP2,A14,Destination,F05,402.5
1229,Source,384PP_AQ_BP2,A16,Destination,F05,225.0
1230,Source,384PP_AQ_BP2,A17,Destination,F05,5.0
1231,Source,384PP_AQ_BP2,B08,Destination,F05,2000.0
1232,Source,384PP_AQ_BP2,B08,Destination,F05,850.0
1233,Source,384PP_AQ_BP2,B08,Destination,F04,2000.0
1234,Source,384PP_AQ_BP2,B08,Destination,F04,2000.0
1235,Source,384PP_AQ_BP2,B08,Destination,F04,1977.5
1236,Source,384PP_AQ_BP2,A03,Destination,F03,10.0
1237,Source,384PP_AQ_BP2,A04,Destination,F03,45.0
1238,Source,384PP_AQ_BP2,A07,Destination,F03,32.5
1239,Source,384PP_AQ_BP2,A10,Destination,F03,242.5
1240,Source,384PP_AQ_BP2,A11,Destination,F03,50.0
1241,Source,384PP_AQ_BP2,A12,Destination,F03,350.0
1242,Source,384PP_AQ_BP2,A14,Destination,F03,312.5
1243,Source,384PP_AQ_BP2,A16,Destination,F03,202.5
1244,Source,384PP_AQ_BP2,A17,Destination,F03,5.0
1245,Source,384PP_AQ_BP2,B08,Destination,F03,2000.0
1246,Source,384PP_AQ_BP2,B08,Destination,F03,2000.0
1247,Source,384PP_AQ_BP2,B08,Destination,F03,725.0
1248,Source,384PP_AQ_BP2,A03,Destination,F02,10.0
1249,Source,384PP_AQ_BP2,A04,Destination,F02,100.0
1250,Source,384PP_AQ_BP2,A07,Destination,F02,50.0
1251,Source,384PP_AQ_BP2,A10,Destination,F02,267.5
1252,Source,384PP_AQ_BP2,A11,Destination,F02,55.0
1253,Source,384PP_AQ_BP2,A14,Destination,F02,447.5
1254,Source,384PP_AQ_BP2,A16,Destination,F02,225.0
1255,Source,384PP_AQ_BP2,A17,Destination,F02,5.0
1256,Source,384PP_AQ_BP2,B08,Destination,F02,2000.0
1257,Source,384PP_AQ_BP2,B08,Destination,F02,2000.0
1258,Source,384PP_AQ_BP2,B08,Destination,F02,812.5
1259,Source,384PP_AQ_BP2,A03,Destination,F01,10.0
1260,Source,384PP_AQ_BP2,A04,Destination,F01,90.0
1261,Source,384PP_AQ_BP2,A07,Destination,F01,55.0
1262,Source,384PP_AQ_BP2,A10,Destination,F01,215.0
1263,Source,384PP_AQ_BP2,A11,Destination,F01,27.5
1264,Source,384PP_AQ_BP2,A12,Destination,F01,1050.0
1265,Source,384PP_AQ_BP2,A14,Destination,F01,357.5
1266,Source,384PP_AQ_BP2,A16,Destination,F01,225.0
1267,Source,384PP_AQ_BP2,A17,Destination,F01,5.0
1268,Source,384PP_AQ_BP2,B08,Destination,F01,2000.0
1269,Source,384PP_AQ_BP2,B08,Destination,F01,150.0
1270,Source,384PP_AQ_BP2,A03,Destination,G01,27.5
1271,Source,384PP_AQ_BP2,A04,Destination,G01,280.0
1272,Source,384PP_AQ_BP2,B08,Destination,G01,2000.0
1273,Source,384PP_AQ_BP2,B08,Destination,G01,2000.0
1274,Source,384PP_AQ_BP2,B08,Destination,G01,1667.5
1275,Source,384PP_AQ_BP2,A03,Destination,G02,10.0
1276,Source,384PP_AQ_BP2,A04,Destination,G02,112.5
1277,Source,384PP_AQ_BP2,A07,Destination,G02,50.0
1278,Source,384PP_AQ_BP2,A10,Destination,G02,242.5
1279,Source,384PP_AQ_BP2,A11,Destination,G02,55.0
1280,Source,384PP_AQ_BP2,A12,Destination,G02,525.0
1281,Source,384PP_AQ_BP2,A14,Destination,G02,402.5
1282,Source,384PP_AQ_BP2,A16,Destination,G02,225.0
1283,Source,384PP_AQ_BP2,A17,Destination,G02,5.0
1284,Source,384PP_AQ_BP2,B08,Destination,G02,2000.0
1285,Source,384PP_AQ_BP2,B08,Destination,G02,2000.0
1286,Source,384PP_AQ_BP2,B08,Destination,G02,350.0
1287,Source,384PP_AQ_BP2,A01,Destination,A01,60.0
1288,Source,384PP_AQ_BP2,A01,Destination,A02,60.0
1289,Source,384PP_AQ_BP2,A01,Destination,A03,60.0
1290,Source,384PP_AQ_BP2,A01,Destination,A04,60.0
1291,Source,384PP_AQ_BP2,A01,Destination,A05,60.0
1292,Source,384PP_AQ_BP2,A01,Destination,A06,60.0
1293,Source,384PP_AQ_BP2,A01,Destination,A07,60.0
1294,Source,384PP_AQ_BP2,A01,Destination,A08,60.0
1295,Source,384PP_AQ_BP2,A01,Destination,A09,60.0
1296,Source,384PP_AQ_BP2,A01,Destination,A10,60.0
1297,Source,384PP_AQ_BP2,A01,Destination,A11,60.0
1298,Source,384PP_AQ_BP2,A01,Destination,A12,60.0
1299,Source,384PP_AQ_BP2,A01,Destination,A13,60.0
1300,Source,384PP_AQ_BP2,A01,Destination,A14,60.0
1301,Source,384PP_AQ_BP2,A01,Destination,A15,60.0
1302,Source,384PP_AQ_BP2,A01,Destination,A16,60.0
1303,Source,384PP_AQ_BP2,A01,Destination,A17,60.0
1304,Source,384PP_AQ_BP2,A01,Destination,A18,60.0
1305,Source,384PP_AQ_BP2,A01,Destination,A19,60.0
1306,Source,384PP_AQ_BP2,A01,Destination,A20,60.0
1307,Source,384PP_AQ_BP2,A01,Destination,A21,60.0
1308,Source,384PP_AQ_BP2,A01,Destination,A22,60.0
1309,Source,384PP_AQ_BP2,A01,Destination,A23,60.0
1310,Source,384PP_AQ_BP2,A01,Destination,A24,60.0
1311,Source,384PP_AQ_BP2,A01,Destination,B19,60.0
1312,Source,384PP_AQ_BP2,A01,Destination,B18,60.0
1313,Source,384PP_AQ_BP2,A01,Destination,B17,60.0
1314,Source,384PP_AQ_BP2,A01,Destination,B16,60.0
1315,Source,384PP_AQ_BP2,A01,Destination,B15,60.0
1316,Source,384PP_AQ_BP2,A01,Destination,B14,60.0
1317,Source,384PP_AQ_BP2,A01,Destination,B13,60.0
1318,Source,384PP_AQ_BP2,A01,Destination,B12,60.0
1319,Source,384PP_AQ_BP2,A01,Destination,B11,60.0
1320,Source,384PP_AQ_BP2,A01,Destination,B10,60.0
1321,Source,384PP_AQ_BP2,A01,Destination,B09,60.0
1322,Source,384PP_AQ_BP2,A01,Destination,B08,60.0
1323,Source,384PP_AQ_BP2,A01,Destination,B07,60.0
1324,Source,384PP_AQ_BP2,A01,Destination,B06,60.0
1325,Source,384PP_AQ_BP2,A01,Destination,B05,60.0
1326,Source,384PP_AQ_BP2,A01,Destination,B04,60.0
1327,Source,384PP_AQ_BP2,A01,Destination,B03,60.0
1328,Source,384PP_AQ_BP2,A01,Destination,B02,60.0
1329,Source,384PP_AQ_BP2,A01,Destination,B01,60.0
1330,Source,384PP_AQ_BP2,A01,Destination,C01,60.0
1331,Source,384PP_AQ_BP2,A01,Destination,C02,60.0
1332,Source,384PP_AQ_BP2,A01,Destination,C03,60.0
1333,Source,384PP_AQ_BP2,A01,Destination,C04,60.0
1334,Source,384PP_AQ_BP2,A01,Destination,C05,60.0
1335,Source,384PP_AQ_BP2,A01,Destination,C06,60.0
1336,Source,384PP_AQ_BP2,A01,Destination,C07,60.0
1337,Source,384PP_AQ_BP2,A01,Destination,C08,60.0
1338,Source,384PP_AQ_BP2,A01,Destination,C09,60.0
1339,Source,384PP_AQ_BP2,A01,Destination,C10,60.0
1340,Source,384PP_AQ_BP2,A01,Destination,C11,60.0
1341,Source,384PP_AQ_BP2,A01,Destination,C12,60.0
1342,Source,384PP_AQ_BP2,A01,Destination,C13,60.0
1343,Source,384PP_AQ_BP2,A01,Destination,C14,60.0
1344,Source,384PP_AQ_BP2,A01,Destination,C15,60.0
1345,Source,384PP_AQ_BP2,A01,Destination,C16,60.0
1346,Source,384PP_AQ_BP2,A01,Destination,C17,60.0
1347,Source,384PP_AQ_BP2,A01,Destination,C18,60.0
1348,Source,384PP_AQ_BP2,A01,Destination,C19,60.0
1349,Source,384PP_AQ_BP2,A01,Destination,C20,60.0
1350,Source,384PP_AQ_BP2,A01,Destination,C21,60.0
1351,Source,384PP_AQ_BP2,A01,Destination,C22,60.0
1352,Source,384PP_AQ_BP2,A01,Destination,C23,60.0
1353,Source,384PP_AQ_BP2,A01,Destination,C24,60.0
1354,Source,384PP_AQ_BP2,A01,Destination,D16,60.0
1355,Source,384PP_AQ_BP2,A01,Destination,D15,60.0
1356,Source,384PP_AQ_BP2,A01,Destination,D14,60.0
1357,Source,384PP_AQ_BP2,A01,Destination,D13,60.0
1358,Source,384PP_AQ_BP2,A01,Destination,D12,60.0
1359,Source,384PP_AQ_BP2,A01,Destination,D11,60.0
1360,Source,384PP_AQ_BP2,A01,Destination,D10,60.0
1361,Source,384PP_AQ_BP2,A01,Destination,D09,60.0
1362,Source,384PP_AQ_BP2,A01,Destination,D08,60.0
1363,Source,384PP_AQ_BP2,A01,Destination,D07,60.0
1364,Source,384PP_AQ_BP2,A01,Destination,D06,60.0
1365,Source,384PP_AQ_BP2,A01,Destination,D05,60.0
1366,Source,384PP_AQ_BP2,A01,Destination,D04,60.0
1367,Source,384PP_AQ_BP2,A01,Destination,D03,60.0
1368,Source,384PP_AQ_BP2,A01,Destination,D02,60.0
1369,Source,384PP_AQ_BP2,A01,Destination,D01,60.0
1370,Source,384PP_AQ_BP2,A01,Destination,E01,60.0
1371,Source,384PP_AQ_BP2,A01,Destination,E02,60.0
1372,Source,384PP_AQ_BP2,A01,Destination,E03,60.0
1373,Source,384PP_AQ_BP2,A01,Destination,E04,60.0
1374,Source,384PP_AQ_BP2,A01,Destination,E05,60.0
1375,Source,384PP_AQ_BP2,A01,Destination,E06,60.0
1376,Source,384PP_AQ_BP2,A01,Destination,E07,60.0
1377,Source,384PP_AQ_BP2,A01,Destination,E08,60.0
1378,Source,384PP_AQ_BP2,A01,Destination,E09,60.0
1379,Source,384PP_AQ_BP2,A01,Destination,E10,60.0
1380,Source,384PP_AQ_BP2,A01,Destination,E11,60.0
1381,Source,384PP_AQ_BP2,A01,Destination,E12,60.0
1382,Source,384PP_AQ_BP2,A01,Destination,E13,60.0
1383,Source,384PP_AQ_BP2,A01,Destination,E14,60.0
1384,Source,384PP_AQ_BP2,A01,Destination,E15,60.0
1385,Source,384PP_AQ_BP2,A01,Destination,E16,60.0
1386,Source,384PP_AQ_BP2,A01,Destination,E17,60.0
1387,Source,384PP_AQ_BP2,A01,Destination,E18,60.0
1388,Source,384PP_AQ_BP2,A01,Destination,E19,60.0
1389,Source,384PP_AQ_BP2,A01,Destination,E20,60.0
1390,Source,384PP_AQ_BP2,A01,Destination,E21,60.0
1391,Source,384PP_AQ_BP2,A01,Destination,E22,60.0
1392,Source,384PP_AQ_BP2,A01,Destination,E23,60.0
1393,Source,384PP_AQ_BP2,A01,Destination,E24,60.0
1394,Source,384PP_AQ_BP2,A01,Destination,F24,60.0
1395,Source,384PP_AQ_BP2,A01,Destination,F23,60.0
1396,Source,384PP_AQ_BP2,A01,Destination,F22,60.0
1397,Source,384PP_AQ_BP2,A01,Destination,F21,60.0
1398,Source,384PP_AQ_BP2,A01,Destination,F20,60.0
1399,Source,384PP_AQ_BP2,A01,Destination,F19,60.0
1400,Source,384PP_AQ_BP2,A01,Destination,F18,60.0
1401,Source,384PP_AQ_BP2,A01,Destination,F17,60.0
1402,Source,384PP_AQ_BP2,A01,Destination,F16,60.0
1403,Source,384PP_AQ_BP2,A01,Destination,F15,60.0
1404,Source,384PP_AQ_BP2,A01,Destination,F14,60.0
1405,Source,384PP_AQ_BP2,A01,Destination,F13,60.0
1406,Source,384PP_AQ_BP2,A01,Destination,F12,60.0
1407,Source,384PP_AQ_BP2,A01,Destination,F11,60.0
1408,Source,384PP_AQ_BP2,A01,Destination,F10,60.0
1409,Source,384PP_AQ_BP2,A01,Destination,F09,60.0
1410,Source,384PP_AQ_BP2,A01,Destination,F08,60.0
1411,Source,384PP_AQ_BP2,A01,Destination,F07,60.0
1412,Source,384PP_AQ_BP2,A01,Destination,F06,60.0
1413,Source,384PP_AQ_BP2,A01,Destination,F05,60.0
1414,Source,384PP_AQ_BP2,A01,Destination,F04,60.0
1415,Source,384PP_AQ_BP2,A01,Destination,F03,60.0
1416,Source,384PP_AQ_BP2,A01,Destination,F02,60.0
1417,Source,384PP_AQ_BP2,A01,Destination,F01,60.0
1418,Source,384PP_AQ_BP2,A01,Destination,G01,60.0
1419,Source,384PP_AQ_BP2,A01,Destination,G02,60.0
